SessionID,Session Start Time,Session End Time,DateTime,Date,Time,Year,Month,Hour,Notes,Channel Type,id,Space Use Coordinate X,Space Use Coordinate Y,Space Use Coordinate XY,Space Use Coordinate NegitiveX,MetersPerCellConversion,X,Y
13,7/8/2019 12:05,7/8/2019 12:35,7/8/2019 12:15,7/8/2019,12:15:36,2019,7,12,,Interval,G,186,212,"186, 212",-186,,520587.0779,3705105.135
13,7/8/2019 12:05,7/8/2019 12:35,7/8/2019 12:15,7/8/2019,12:15:36,2019,7,12,,Interval,L,248,228,"248, 228",-248,,520566.4922,3705110.428
13,7/8/2019 12:05,7/8/2019 12:35,7/8/2019 12:25,7/8/2019,12:25:36,2019,7,12,,Interval,G,13,144,"13, 144",-13,,520644.5253,3705082.611
13,7/8/2019 12:05,7/8/2019 12:35,7/8/2019 12:25,7/8/2019,12:25:36,2019,7,12,,Interval,L,13,103,"13, 103",-13,,520644.537,3705069.001
13,7/8/2019 12:05,7/8/2019 12:35,7/8/2019 12:35,7/8/2019,12:35:36,2019,7,12,,Interval,G,47,180,"47, 180",-47,,520633.2286,3705094.552
13,7/8/2019 12:05,7/8/2019 12:35,7/8/2019 12:35,7/8/2019,12:35:36,2019,7,12,,Interval,L,64,181,"64, 181",-64,,520627.5851,3705094.879
14,7/8/2019 13:07,7/8/2019 13:37,7/8/2019 13:27,7/8/2019,13:27:56,2019,7,13,,Interval,G,44,97,"44, 97",-44,,520634.2481,3705067
14,7/8/2019 13:07,7/8/2019 13:37,7/8/2019 13:27,7/8/2019,13:27:56,2019,7,13,,Interval,L,85,87,"85, 87",-85,,520620.6409,3705063.669
14,7/8/2019 13:07,7/8/2019 13:37,7/8/2019 13:37,7/8/2019,13:37:56,2019,7,13,,Interval,G,74,179,"74, 179",-74,,520624.2661,3705094.212
14,7/8/2019 13:07,7/8/2019 13:37,7/8/2019 13:37,7/8/2019,13:37:56,2019,7,13,,Interval,L,60,169,"60, 169",-60,,520628.9163,3705090.896
15,7/8/2019 12:36,7/8/2019 13:06,7/8/2019 12:46,7/8/2019,12:46:27,2019,7,12,,Interval,G,186,64,"186, 64",-186,,520587.1201,3705056.005
15,7/8/2019 12:36,7/8/2019 13:06,7/8/2019 12:46,7/8/2019,12:46:27,2019,7,12,,Interval,L,215,270,"215, 270",-215,,520577.4347,3705124.38
15,7/8/2019 12:36,7/8/2019 13:06,7/8/2019 12:56,7/8/2019,12:56:27,2019,7,12,,Interval,G,72,178,"72, 178",-72,,520624.9303,3705093.881
15,7/8/2019 12:36,7/8/2019 13:06,7/8/2019 12:56,7/8/2019,12:56:27,2019,7,12,,Interval,L,53,172,"53, 172",-53,,520631.2392,3705091.894
15,7/8/2019 12:36,7/8/2019 13:06,7/8/2019 13:06,7/8/2019,13:06:27,2019,7,13,,Interval,G,193,73,"193, 73",-193,,520584.7938,3705058.991
15,7/8/2019 12:36,7/8/2019 13:06,7/8/2019 13:06,7/8/2019,13:06:27,2019,7,13,,Interval,L,181,65,"181, 65",-181,,520588.7795,3705056.339
16,7/8/2019 15:39,7/8/2019 16:09,7/8/2019 15:49,7/8/2019,15:49:58,2019,7,15,AddData,Interval,B,222,81,"222, 81",-222,,520575.1649,3705061.638
16,7/8/2019 15:39,7/8/2019 16:09,7/8/2019 15:59,7/8/2019,15:59:58,2019,7,15,AddData,Interval,B,279,95,"279, 95",-279,,520556.2395,3705066.269
16,7/8/2019 15:39,7/8/2019 16:09,7/8/2019 16:09,7/8/2019,16:09:58,2019,7,16,AddData,Interval,B,487,49,"487, 49",-487,,520487.2062,3705050.94
17,7/8/2019 17:32,7/8/2019 18:02,7/8/2019 17:42,7/8/2019,9:50:00,2019,7,17,AddData Session actually conducted 9:40 to 10:10 AM,Interval,B,276,271,"276, 271",-276,,520557.1852,3705124.694
17,7/8/2019 17:32,7/8/2019 18:02,7/8/2019 17:52,7/8/2019,10:00:00,2019,7,17,AddData Session actually conducted 9:40 to 10:10 AM,Interval,B,343,255,"343, 255",-343,,520534.9488,3705119.364
17,7/8/2019 17:32,7/8/2019 18:02,7/8/2019 18:02,7/8/2019,10:10:00,2019,7,18,AddData Session actually conducted 9:40 to 10:10 AM,Interval,B,374,271,"374, 271",-374,,520524.6537,3705124.666
18,7/8/2019 18:03,7/8/2019 18:33,7/8/2019 18:13,7/8/2019,10:20:00,2019,7,18,AddData Session actually conducted 10:10 to 10:40 AM.,Interval,B,479,209,"479, 209",-479,,520489.8162,3705104.055
18,7/8/2019 18:03,7/8/2019 18:33,7/8/2019 18:23,7/8/2019,10:30:00,2019,7,18,AddData Session actually conducted 10:10 to 10:40 AM.,Interval,B,517,197,"517, 197",-517,,520477.2054,3705100.061
18,7/8/2019 18:03,7/8/2019 18:33,7/8/2019 18:33,7/8/2019,10:40:00,2019,7,18,AddData Session actually conducted 10:10 to 10:40 AM.,Interval,B,557,185,"557, 185",-557,,520463.9306,3705096.066
19,7/9/2019 10:00,7/9/2019 10:30,7/9/2019 10:10,7/9/2019,10:10:49,2019,7,10,,Interval,G,185,58,"185, 58",-185,,520587.4537,3705054.014
19,7/9/2019 10:00,7/9/2019 10:30,7/9/2019 10:10,7/9/2019,10:10:49,2019,7,10,,Interval,L,186,74,"186, 74",-186,,520587.1172,3705059.325
19,7/9/2019 10:00,7/9/2019 10:30,7/9/2019 10:20,7/9/2019,10:20:49,2019,7,10,,Interval,G,324,201,"324, 201",-324,,520541.2713,3705101.444
19,7/9/2019 10:00,7/9/2019 10:30,7/9/2019 10:20,7/9/2019,10:20:49,2019,7,10,,Interval,L,18,81,"18, 81",-18,,520642.8835,3705061.696
19,7/9/2019 10:00,7/9/2019 10:30,7/9/2019 10:30,7/9/2019,10:30:49,2019,7,10,,Interval,G,27,169,"27, 169",-27,,520639.8708,3705090.906
19,7/9/2019 10:00,7/9/2019 10:30,7/9/2019 10:30,7/9/2019,10:30:49,2019,7,10,,Interval,L,36,155,"36, 155",-36,,520636.8872,3705086.256
20,7/9/2019 11:07,7/9/2019 11:37,7/9/2019 11:17,7/9/2019,11:17:44,2019,7,11,,Interval,G,523,127,"523, 127",-523,,520475.2336,3705076.822
20,7/9/2019 11:07,7/9/2019 11:37,7/9/2019 11:17,7/9/2019,11:17:44,2019,7,11,,Interval,L,537,111,"537, 111",-537,,520470.5908,3705071.507
20,7/9/2019 11:07,7/9/2019 11:37,7/9/2019 11:27,7/9/2019,11:27:44,2019,7,11,,Interval,G,376,235,"376, 235",-376,,520524,3705112.715
20,7/9/2019 11:07,7/9/2019 11:37,7/9/2019 11:27,7/9/2019,11:27:44,2019,7,11,,Interval,L,393,188,"393, 188",-393,,520518.3702,3705097.109
20,7/9/2019 11:07,7/9/2019 11:37,7/9/2019 11:37,7/9/2019,11:37:44,2019,7,11,,Interval,G,12,154,"12, 154",-12,,520644.8544,3705085.931
20,7/9/2019 11:07,7/9/2019 11:37,7/9/2019 11:37,7/9/2019,11:37:44,2019,7,11,,Interval,L,440,125,"440, 125",-440,,520502.7863,3705076.182
21,7/9/2019 12:10,7/9/2019 12:40,7/9/2019 12:20,7/9/2019,12:20:14,2019,7,12,,Interval,G,44,83,"44, 83",-44,,520634.2521,3705062.353
21,7/9/2019 12:10,7/9/2019 12:40,7/9/2019 12:20,7/9/2019,12:20:14,2019,7,12,,Interval,L,61,98,"61, 98",-61,,520628.6046,3705067.327
21,7/9/2019 12:10,7/9/2019 12:40,7/9/2019 12:30,7/9/2019,12:30:14,2019,7,12,,Interval,G,424,54,"424, 54",-424,,520508.1178,3705052.618
21,7/9/2019 12:10,7/9/2019 12:40,7/9/2019 12:30,7/9/2019,12:30:14,2019,7,12,,Interval,L,440,36,"440, 36",-440,,520502.8117,3705046.638
21,7/9/2019 12:10,7/9/2019 12:40,7/9/2019 12:40,7/9/2019,12:40:14,2019,7,12,,Interval,G,139,133,"139, 133",-139,,520602.7022,3705078.924
21,7/9/2019 12:10,7/9/2019 12:40,7/9/2019 12:40,7/9/2019,12:40:14,2019,7,12,,Interval,L,177,69,"177, 69",-177,,520590.1062,3705057.668
22,7/9/2019 10:32,,7/9/2019 10:42,7/9/2019,10:42:00,2019,7,10,,Interval,G,230,219,"230, 219",-230,,520572.4699,3705107.446
22,7/9/2019 10:32,,7/9/2019 10:42,7/9/2019,10:42:00,2019,7,10,,Interval,L,197,241,"197, 241",-197,,520583.4181,3705114.758
23,7/9/2019 11:39,7/9/2019 12:09,7/9/2019 11:49,7/9/2019,11:49:06,2019,7,11,,Interval,G,18,157,"18, 157",-18,,520642.8618,3705086.925
23,7/9/2019 11:39,7/9/2019 12:09,7/9/2019 11:49,7/9/2019,11:49:06,2019,7,11,,Interval,L,34,171,"34, 171",-34,,520637.5466,3705091.568
23,7/9/2019 11:39,7/9/2019 12:09,7/9/2019 11:59,7/9/2019,11:59:06,2019,7,11,,Interval,G,522,87,"522, 87",-522,,520475.5769,3705063.545
23,7/9/2019 11:39,7/9/2019 12:09,7/9/2019 11:59,7/9/2019,11:59:06,2019,7,11,,Interval,L,439,42,"439, 42",-439,,520503.142,3705048.63
23,7/9/2019 11:39,7/9/2019 12:09,7/9/2019 12:09,7/9/2019,12:09:06,2019,7,12,,Interval,G,409,64,"409, 64",-409,,520513.0943,3705055.942
23,7/9/2019 11:39,7/9/2019 12:09,7/9/2019 12:09,7/9/2019,12:09:06,2019,7,12,,Interval,L,420,34,"420, 34",-420,,520509.4514,3705045.98
24,7/9/2019 14:26,7/9/2019 14:56,7/9/2019 14:36,7/9/2019,14:36:00,2019,7,14,,Interval,G,16,154,"16, 154",-16,,520643.5266,3705085.93
24,7/9/2019 14:26,7/9/2019 14:56,7/9/2019 14:36,7/9/2019,14:36:00,2019,7,14,,Interval,L,26,170,"26, 170",-26,,520640.2025,3705091.238
24,7/9/2019 14:26,7/9/2019 14:56,7/9/2019 14:46,7/9/2019,14:46:00,2019,7,14,,Interval,G,180,77,"180, 77",-180,,520589.1081,3705060.322
24,7/9/2019 14:26,7/9/2019 14:56,7/9/2019 14:46,7/9/2019,14:46:00,2019,7,14,,Interval,L,196,75,"196, 75",-196,,520583.7974,3705059.654
24,7/9/2019 14:26,7/9/2019 14:56,7/9/2019 14:56,7/9/2019,14:56:00,2019,7,14,,Interval,G,327,241,"327, 241",-327,,520540.2641,3705114.721
24,7/9/2019 14:26,7/9/2019 14:56,7/9/2019 14:56,7/9/2019,14:56:00,2019,7,14,,Interval,L,388,233,"388, 233",-388,,520520.0172,3705112.048
25,7/9/2019 15:46,7/9/2019 16:16,7/9/2019 15:56,7/9/2019,15:56:31,2019,7,15,AddData,Interval,B,243,97,"243, 97",-243,,520568.1893,3705066.944
25,7/9/2019 15:46,7/9/2019 16:16,7/9/2019 16:06,7/9/2019,16:06:31,2019,7,16,AddData,Interval,B,351,151,"351, 151",-351,,520532.3228,3705084.838
25,7/9/2019 15:46,7/9/2019 16:16,7/9/2019 16:16,7/9/2019,16:16:31,2019,7,16,AddData,Interval,B,363,179,"363, 179",-363,,520528.3314,3705094.13
26,7/9/2019 16:17,7/9/2019 16:47,7/9/2019 16:27,7/9/2019,16:27:46,2019,7,16,AddData,Interval,B,251,223,"251, 223",-251,,520565.4977,3705108.768
26,7/9/2019 16:17,7/9/2019 16:47,7/9/2019 16:37,7/9/2019,16:37:46,2019,7,16,AddData,Interval,B,558,126,"558, 126",-558,,520463.6155,3705076.48
26,7/9/2019 16:17,7/9/2019 16:47,7/9/2019 16:47,7/9/2019,16:47:46,2019,7,16,AddData,Interval,B,513,64,"513, 64",-513,,520478.5711,3705055.912
27,7/10/2019 9:27,7/10/2019 9:57,7/10/2019 9:37,7/10/2019,9:37:50,2019,7,9,AddData,Interval,B,410,34,"410, 34",-410,,520512.7709,3705045.983
27,7/10/2019 9:27,7/10/2019 9:57,7/10/2019 9:47,7/10/2019,9:47:50,2019,7,9,AddData,Interval,B,413,35,"413, 35",-413,,520511.7748,3705046.314
27,7/10/2019 9:27,7/10/2019 9:57,7/10/2019 9:57,7/10/2019,9:57:50,2019,7,9,AddData,Interval,B,188,65,"188, 65",-188,,520586.4559,3705056.337
28,7/10/2019 11:31,7/10/2019 12:01,7/10/2019 11:41,7/10/2019,11:41:39,2019,7,11,AddData,Interval,B,502,98,"502, 98",-502,,520482.2129,3705067.202
28,7/10/2019 11:31,7/10/2019 12:01,7/10/2019 11:51,7/10/2019,11:51:39,2019,7,11,AddData,Interval,B,443,137,"443, 137",-443,,520501.7871,3705080.165
28,7/10/2019 11:31,7/10/2019 12:01,7/10/2019 12:01,7/10/2019,12:01:39,2019,7,12,AddData,Interval,B,451,156,"451, 156",-451,,520499.126,3705086.47
29,7/10/2019 9:58,7/10/2019 10:28,7/10/2019 10:08,7/10/2019,10:08:29,2019,7,10,AddData,Interval,B,193,60,"193, 60",-193,,520584.7975,3705054.676
29,7/10/2019 9:58,7/10/2019 10:28,7/10/2019 10:18,7/10/2019,10:18:29,2019,7,10,AddData,Interval,B,256,221,"256, 221",-256,,520563.8385,3705108.102
29,7/10/2019 9:58,7/10/2019 10:28,7/10/2019 10:28,7/10/2019,10:28:29,2019,7,10,AddData,Interval,B,256,218,"256, 218",-256,,520563.8394,3705107.106
30,7/10/2019 10:28,7/10/2019 10:58,7/10/2019 10:38,7/10/2019,10:38:59,2019,7,10,AddData,Interval,B,331,250,"331, 250",-331,,520538.9337,3705117.707
30,7/10/2019 10:28,7/10/2019 10:58,7/10/2019 10:48,7/10/2019,10:48:59,2019,7,10,AddData,Interval,B,357,258,"357, 258",-357,,520530.3006,3705120.356
30,7/10/2019 10:28,7/10/2019 10:58,7/10/2019 10:58,7/10/2019,10:58:59,2019,7,10,AddData,Interval,B,504,119,"504, 119",-504,,520481.543,3705074.172
31,7/10/2019 10:59,7/10/2019 11:29,7/10/2019 11:09,7/10/2019,11:09:51,2019,7,11,AddData,Interval,B,494,124,"494, 124",-494,,520484.8611,3705075.835
31,7/10/2019 10:59,7/10/2019 11:29,7/10/2019 11:19,7/10/2019,11:19:51,2019,7,11,AddData,Interval,B,493,150,"493, 150",-493,,520485.1857,3705084.466
31,7/10/2019 10:59,7/10/2019 11:29,7/10/2019 11:29,7/10/2019,11:29:51,2019,7,11,AddData,Interval,B,506,100,"506, 100",-506,,520480.8845,3705067.864
32,7/10/2019 14:30,7/10/2019 14:41,7/10/2019 14:40,7/10/2019,14:40:46,2019,7,14,,Interval,G,42,108,"42, 108",-42,,520634.9089,3705070.652
32,7/10/2019 14:30,7/10/2019 14:41,7/10/2019 14:40,7/10/2019,14:40:46,2019,7,14,,Interval,L,14,81,"14, 81",-14,,520644.2113,3705061.698
33,7/10/2019 16:01,7/10/2019 16:31,7/10/2019 16:11,7/10/2019,16:11:24,2019,7,16,,Interval,G,326,204,"326, 204",-326,,520540.6066,3705102.439
33,7/10/2019 16:01,7/10/2019 16:31,7/10/2019 16:11,7/10/2019,16:11:24,2019,7,16,,Interval,L,257,219,"257, 219",-257,,520563.5071,3705107.438
33,7/10/2019 16:01,7/10/2019 16:31,7/10/2019 16:21,7/10/2019,16:21:24,2019,7,16,,Interval,G,28,81,"28, 81",-28,,520639.5639,3705061.694
33,7/10/2019 16:01,7/10/2019 16:31,7/10/2019 16:21,7/10/2019,16:21:24,2019,7,16,,Interval,L,48,93,"48, 93",-48,,520632.9214,3705065.671
33,7/10/2019 16:01,7/10/2019 16:31,7/10/2019 16:31,7/10/2019,16:31:24,2019,7,16,,Interval,G,115,171,"115, 171",-115,,520610.6583,3705091.545
33,7/10/2019 16:01,7/10/2019 16:31,7/10/2019 16:31,7/10/2019,16:31:24,2019,7,16,,Interval,L,124,93,"124, 93",-124,,520607.6929,3705065.65
34,7/10/2019 16:32,7/10/2019 17:02,7/10/2019 16:42,7/10/2019,16:42:58,2019,7,16,,Interval,G,93,89,"93, 89",-93,,520617.9847,3705064.331
34,7/10/2019 16:32,7/10/2019 17:02,7/10/2019 16:42,7/10/2019,16:42:58,2019,7,16,,Interval,L,72,193,"72, 193",-72,,520624.926,3705098.86
34,7/10/2019 16:32,7/10/2019 17:02,7/10/2019 16:52,7/10/2019,16:52:58,2019,7,16,,Interval,G,86,190,"86, 190",-86,,520620.2795,3705097.86
34,7/10/2019 16:32,7/10/2019 17:02,7/10/2019 16:52,7/10/2019,16:52:58,2019,7,16,,Interval,L,44,177,"44, 177",-44,,520634.2253,3705093.557
34,7/10/2019 16:32,7/10/2019 17:02,7/10/2019 17:02,7/10/2019,17:02:58,2019,7,17,,Interval,G,35,120,"35, 120",-35,,520637.2291,3705074.638
34,7/10/2019 16:32,7/10/2019 17:02,7/10/2019 17:02,7/10/2019,17:02:58,2019,7,17,,Interval,L,66,178,"66, 178",-66,,520626.922,3705093.882
36,7/11/2019 8:53,7/11/2019 9:23,7/11/2019 9:03,7/11/2019,9:03:00,2019,7,9,,Interval,G,112,181,"112, 181",-112,,520611.6513,3705094.865
36,7/11/2019 8:53,7/11/2019 9:23,7/11/2019 9:03,7/11/2019,9:03:00,2019,7,9,,Interval,L,72,185,"72, 185",-72,,520624.9283,3705096.204
36,7/11/2019 8:53,7/11/2019 9:23,7/11/2019 9:13,7/11/2019,9:13:00,2019,7,9,,Interval,G,17,139,"17, 139",-17,,520643.1989,3705080.95
36,7/11/2019 8:53,7/11/2019 9:23,7/11/2019 9:13,7/11/2019,9:13:00,2019,7,9,,Interval,L,76,188,"76, 188",-76,,520623.5997,3705097.199
36,7/11/2019 8:53,7/11/2019 9:23,7/11/2019 9:23,7/11/2019,9:23:00,2019,7,9,,Interval,G,102,93,"102, 93",-102,,520614.9959,3705065.656
36,7/11/2019 8:53,7/11/2019 9:23,7/11/2019 9:23,7/11/2019,9:23:00,2019,7,9,,Interval,L,101,110,"101, 110",-101,,520615.323,3705071.299
37,7/11/2019 10:55,7/11/2019 11:25,7/11/2019 11:05,7/11/2019,11:05:57,2019,7,11,,Interval,G,110,193,"110, 193",-110,,520612.3118,3705098.849
37,7/11/2019 10:55,7/11/2019 11:25,7/11/2019 11:05,7/11/2019,11:05:57,2019,7,11,,Interval,L,96,189,"96, 189",-96,,520616.9603,3705097.525
37,7/11/2019 10:55,7/11/2019 11:25,7/11/2019 11:15,7/11/2019,11:15:57,2019,7,11,,Interval,G,12,140,"12, 140",-12,,520644.8584,3705081.283
37,7/11/2019 10:55,7/11/2019 11:25,7/11/2019 11:15,7/11/2019,11:15:57,2019,7,11,,Interval,L,13,154,"13, 154",-13,,520644.5224,3705085.931
37,7/11/2019 10:55,7/11/2019 11:25,7/11/2019 11:25,7/11/2019,11:25:57,2019,7,11,,Interval,G,299,254,"299, 254",-299,,520549.5551,3705119.044
37,7/11/2019 10:55,7/11/2019 11:25,7/11/2019 11:25,7/11/2019,11:25:57,2019,7,11,,Interval,L,300,269,"300, 269",-300,,520549.2189,3705124.023
38,7/11/2019 9:23,7/11/2019 9:53,7/11/2019 9:33,7/11/2019,9:33:39,2019,7,9,,Interval,G,255,227,"255, 227",-255,,520564.1688,3705110.094
38,7/11/2019 9:23,7/11/2019 9:53,7/11/2019 9:33,7/11/2019,9:33:39,2019,7,9,,Interval,L,210,276,"210, 276",-210,,520579.0927,3705126.373
38,7/11/2019 9:23,7/11/2019 9:53,7/11/2019 9:43,7/11/2019,9:43:39,2019,7,9,,Interval,G,416,119,"416, 119",-416,,520510.755,3705074.197
38,7/11/2019 9:23,7/11/2019 9:53,7/11/2019 9:43,7/11/2019,9:43:39,2019,7,9,,Interval,L,395,125,"395, 125",-395,,520517.7243,3705076.195
38,7/11/2019 9:23,7/11/2019 9:53,7/11/2019 9:53,7/11/2019,9:53:39,2019,7,9,,Interval,G,60,147,"60, 147",-60,,520628.9226,3705083.593
38,7/11/2019 9:23,7/11/2019 9:53,7/11/2019 9:53,7/11/2019,9:53:39,2019,7,9,,Interval,L,51,122,"51, 122",-51,,520631.9173,3705075.297
39,7/11/2019 10:25,7/11/2019 10:55,7/11/2019 10:35,7/11/2019,10:35:07,2019,7,10,,Interval,G,38,177,"38, 177",-38,,520636.217,3705093.558
39,7/11/2019 10:25,7/11/2019 10:55,7/11/2019 10:35,7/11/2019,10:35:07,2019,7,10,,Interval,L,54,188,"54, 188",-54,,520630.9026,3705097.205
39,7/11/2019 10:25,7/11/2019 10:55,7/11/2019 10:45,7/11/2019,10:45:07,2019,7,10,,Interval,G,107,181,"107, 181",-107,,520613.3111,3705094.866
39,7/11/2019 10:25,7/11/2019 10:55,7/11/2019 10:45,7/11/2019,10:45:07,2019,7,10,,Interval,L,103,190,"103, 190",-103,,520614.6363,3705097.855
39,7/11/2019 10:25,7/11/2019 10:55,7/11/2019 10:55,7/11/2019,10:55:07,2019,7,10,,Interval,G,75,192,"75, 192",-75,,520623.9305,3705098.527
39,7/11/2019 10:25,7/11/2019 10:55,7/11/2019 10:55,7/11/2019,10:55:07,2019,7,10,,Interval,L,62,185,"62, 185",-62,,520628.2479,3705096.207
40,7/11/2019 9:54,7/11/2019 10:24,7/11/2019 10:04,7/11/2019,10:04:24,2019,7,10,,Interval,G,13,156,"13, 156",-13,,520644.5219,3705086.594
40,7/11/2019 9:54,7/11/2019 10:24,7/11/2019 10:04,7/11/2019,10:04:24,2019,7,10,,Interval,L,20,125,"20, 125",-20,,520642.207,3705076.302
40,7/11/2019 9:54,7/11/2019 10:24,7/11/2019 10:14,7/11/2019,10:14:24,2019,7,10,,Interval,G,33,149,"33, 149",-33,,520637.8848,3705084.265
40,7/11/2019 9:54,7/11/2019 10:24,7/11/2019 10:14,7/11/2019,10:14:24,2019,7,10,,Interval,L,54,150,"54, 150",-54,,520630.9135,3705084.591
40,7/11/2019 9:54,7/11/2019 10:24,7/11/2019 10:24,7/11/2019,10:24:24,2019,7,10,,Interval,G,16,139,"16, 139",-16,,520643.5309,3705080.95
40,7/11/2019 9:54,7/11/2019 10:24,7/11/2019 10:24,7/11/2019,10:24:24,2019,7,10,,Interval,L,18,156,"18, 156",-18,,520642.8621,3705086.593
41,7/11/2019 11:26,7/11/2019 11:44,7/11/2019 11:36,7/11/2019,11:36:44,2019,7,11,,Interval,G,13,122,"13, 122",-13,,520644.5316,3705075.308
41,7/11/2019 11:26,7/11/2019 11:44,7/11/2019 11:36,7/11/2019,11:36:44,2019,7,11,,Interval,L,45,99,"45, 99",-45,,520633.9156,3705067.664
42,7/11/2019 13:12,7/11/2019 13:42,7/11/2019 13:22,7/11/2019,13:22:09,2019,7,13,AddData,Interval,B,409,32,"409, 32",-409,,520513.1034,3705045.319
42,7/11/2019 13:12,7/11/2019 13:42,7/11/2019 13:32,7/11/2019,13:32:09,2019,7,13,AddData,Interval,B,251,98,"251, 98",-251,,520565.5334,3705067.273
42,7/11/2019 13:12,7/11/2019 13:42,7/11/2019 13:42,7/11/2019,13:42:09,2019,7,13,AddData,Interval,B,272,131,"272, 131",-272,,520558.5529,3705078.222
43,7/11/2019 13:42,7/11/2019 14:12,7/11/2019 13:52,7/11/2019,13:52:53,2019,7,13,AddData,Interval,B,310,268,"310, 268",-310,,520545.8996,3705123.689
43,7/11/2019 13:42,7/11/2019 14:12,7/11/2019 14:02,7/11/2019,14:02:53,2019,7,14,AddData,Interval,B,248,249,"248, 249",-248,,520566.4862,3705117.399
43,7/11/2019 13:42,7/11/2019 14:12,7/11/2019 14:12,7/11/2019,14:12:53,2019,7,14,AddData,Interval,B,186,250,"186, 250",-186,,520587.067,3705117.749
58,8/26/2019 10:44,8/26/2019 11:14,8/26/2019 10:54,8/26/2019,10:54:21,2019,8,10,Bs first apperance,Interval,B,210,92,"210, 92",-210,,520579.1452,3705065.293
58,8/26/2019 10:44,8/26/2019 11:14,8/26/2019 10:54,8/26/2019,10:54:21,2019,8,10,,Interval,G,116,183,"116, 183",-116,,520610.3229,3705095.528
58,8/26/2019 10:44,8/26/2019 11:14,8/26/2019 10:54,8/26/2019,10:54:21,2019,8,10,,Interval,L,129,180,"129, 180",-129,,520606.0084,3705094.528
58,8/26/2019 10:44,8/26/2019 11:14,8/26/2019 11:04,8/26/2019,11:04:21,2019,8,11,,Interval,B,208,108,"208, 108",-208,,520579.8045,3705070.605
58,8/26/2019 10:44,8/26/2019 11:14,8/26/2019 11:04,8/26/2019,11:04:21,2019,8,11,,Interval,G,211,121,"211, 121",-211,,520578.805,3705074.92
58,8/26/2019 10:44,8/26/2019 11:14,8/26/2019 11:14,8/26/2019,11:14:21,2019,8,11,,Interval,B,161,84,"161, 84",-161,,520595.4132,3705062.652
58,8/26/2019 10:44,8/26/2019 11:14,8/26/2019 11:14,8/26/2019,11:14:21,2019,8,11,,Interval,G,239,220,"239, 220",-239,,520569.482,3705107.775
58,8/26/2019 10:44,8/26/2019 11:14,8/26/2019 11:14,8/26/2019,11:14:21,2019,8,11,,Interval,L,232,210,"232, 210",-232,,520571.8086,3705104.458
59,8/26/2019 11:16,8/26/2019 11:46,8/26/2019 11:26,8/26/2019,11:26:47,2019,8,11,,Interval,B,144,93,"144, 93",-144,,520601.0539,3705065.644
59,8/26/2019 11:16,8/26/2019 11:46,8/26/2019 11:26,8/26/2019,11:26:47,2019,8,11,,Interval,G,131,100,"131, 100",-131,,520605.3673,3705067.971
59,8/26/2019 11:16,8/26/2019 11:46,8/26/2019 11:26,8/26/2019,11:26:47,2019,8,11,,Interval,L,120,93,"120, 93",-120,,520609.0208,3705065.651
59,8/26/2019 11:16,8/26/2019 11:46,8/26/2019 11:36,8/26/2019,11:36:47,2019,8,11,,Interval,B,58,124,"58, 124",-58,,520629.5931,3705075.959
59,8/26/2019 11:16,8/26/2019 11:46,8/26/2019 11:36,8/26/2019,11:36:47,2019,8,11,,Interval,G,33,151,"33, 151",-33,,520637.8842,3705084.929
59,8/26/2019 11:16,8/26/2019 11:46,8/26/2019 11:36,8/26/2019,11:36:47,2019,8,11,,Interval,L,21,158,"21, 158",-21,,520641.8657,3705087.256
59,8/26/2019 11:16,8/26/2019 11:46,8/26/2019 11:46,8/26/2019,11:46:47,2019,8,11,,Interval,B,56,95,"56, 95",-56,,520630.2652,3705066.333
59,8/26/2019 11:16,8/26/2019 11:46,8/26/2019 11:46,8/26/2019,11:46:47,2019,8,11,,Interval,G,25,138,"25, 138",-25,,520640.5436,3705080.616
59,8/26/2019 11:16,8/26/2019 11:46,8/26/2019 11:46,8/26/2019,11:46:47,2019,8,11,,Interval,L,18,154,"18, 154",-18,,520642.8627,3705085.929
60,8/26/2019 14:36,8/26/2019 15:05,8/26/2019 14:46,8/26/2019,14:46:33,2019,8,14,2 interval session,Interval,B,12,154,"12, 154",-12,,520644.8544,3705085.931
60,8/26/2019 14:36,8/26/2019 15:05,8/26/2019 14:46,8/26/2019,14:46:33,2019,8,14,,Interval,G,22,150,"22, 150",-22,,520641.536,3705084.6
60,8/26/2019 14:36,8/26/2019 15:05,8/26/2019 14:46,8/26/2019,14:46:33,2019,8,14,,Interval,L,100,91,"100, 91",-100,,520615.6604,3705064.993
60,8/26/2019 14:36,8/26/2019 15:05,8/26/2019 14:56,8/26/2019,14:56:33,2019,8,14,,Interval,B,12,155,"12, 155",-12,,520644.8541,3705086.263
60,8/26/2019 14:36,8/26/2019 15:05,8/26/2019 14:56,8/26/2019,14:56:33,2019,8,14,,Interval,G,16,77,"16, 77",-16,,520643.5485,3705060.369
60,8/26/2019 14:36,8/26/2019 15:05,8/26/2019 14:56,8/26/2019,14:56:33,2019,8,14,,Interval,L,11,140,"11, 140",-11,,520645.1903,3705081.284
61,8/27/2019 9:14,8/27/2019 9:44,8/27/2019 9:24,8/27/2019,9:24:42,2019,8,9,AddData,Interval,B,298,269,"298, 269",-298,,520549.8828,3705124.024
61,8/27/2019 9:14,8/27/2019 9:44,8/27/2019 9:24,8/27/2019,9:24:42,2019,8,9,AddData,Interval,G,324,256,"324, 256",-324,,520541.2557,3705119.701
61,8/27/2019 9:14,8/27/2019 9:44,8/27/2019 9:34,8/27/2019,9:34:42,2019,8,9,AddData,Interval,B,380,213,"380, 213",-380,,520522.6785,3705105.411
61,8/27/2019 9:14,8/27/2019 9:44,8/27/2019 9:34,8/27/2019,9:34:42,2019,8,9,AddData,Interval,G,525,99,"525, 99",-525,,520474.5777,3705067.527
61,8/27/2019 9:14,8/27/2019 9:44,8/27/2019 9:44,8/27/2019,9:44:42,2019,8,9,AddData,Interval,B,413,182,"413, 182",-413,,520511.7329,3705095.111
61,8/27/2019 9:14,8/27/2019 9:44,8/27/2019 9:44,8/27/2019,9:44:42,2019,8,9,AddData,Interval,G,296,131,"296, 131",-296,,520550.586,3705078.215
62,8/27/2019 10:27,8/27/2019 10:57,8/27/2019 10:37,8/27/2019,10:37:33,2019,8,10,,Interval,B,443,210,"443, 210",-443,,520501.7663,3705104.397
62,8/27/2019 10:27,8/27/2019 10:57,8/27/2019 10:37,8/27/2019,10:37:33,2019,8,10,,Interval,L,275,104,"275, 104",-275,,520557.5647,3705069.258
62,8/27/2019 10:27,8/27/2019 10:57,8/27/2019 10:47,8/27/2019,10:47:33,2019,8,10,,Interval,B,451,180,"451, 180",-451,,520499.1192,3705094.436
62,8/27/2019 10:27,8/27/2019 10:57,8/27/2019 10:47,8/27/2019,10:47:33,2019,8,10,,Interval,G,539,142,"539, 142",-539,,520469.9181,3705081.797
62,8/27/2019 10:27,8/27/2019 10:57,8/27/2019 10:47,8/27/2019,10:47:33,2019,8,10,,Interval,L,476,152,"476, 152",-476,,520490.8283,3705085.135
62,8/27/2019 10:27,8/27/2019 10:57,8/27/2019 10:57,8/27/2019,10:57:33,2019,8,10,,Interval,B,450,166,"450, 166",-450,,520499.4551,3705089.789
62,8/27/2019 10:27,8/27/2019 10:57,8/27/2019 10:57,8/27/2019,10:57:33,2019,8,10,,Interval,G,478,59,"478, 59",-478,,520490.1909,3705054.262
62,8/27/2019 10:27,8/27/2019 10:57,8/27/2019 10:57,8/27/2019,10:57:33,2019,8,10,,Interval,L,461,52,"461, 52",-461,,520495.8361,3705051.944
63,8/27/2019 10:58,8/27/2019 11:28,8/27/2019 11:08,8/27/2019,11:08:53,2019,8,11,,Interval,B,474,107,"474, 107",-474,,520491.505,3705070.197
63,8/27/2019 10:58,8/27/2019 11:28,8/27/2019 11:08,8/27/2019,11:08:53,2019,8,11,,Interval,G,183,54,"183, 54",-183,,520588.1188,3705052.687
63,8/27/2019 10:58,8/27/2019 11:28,8/27/2019 11:08,8/27/2019,11:08:53,2019,8,11,,Interval,L,251,102,"251, 102",-251,,520565.5322,3705068.601
63,8/27/2019 10:58,8/27/2019 11:28,8/27/2019 11:18,8/27/2019,11:18:53,2019,8,11,,Interval,B,231,94,"231, 94",-231,,520572.1736,3705065.951
63,8/27/2019 10:58,8/27/2019 11:28,8/27/2019 11:18,8/27/2019,11:18:53,2019,8,11,,Interval,G,228,248,"228, 248",-228,,520573.1255,3705117.073
63,8/27/2019 10:58,8/27/2019 11:28,8/27/2019 11:18,8/27/2019,11:18:53,2019,8,11,,Interval,L,290,222,"290, 222",-290,,520552.5518,3705108.424
63,8/27/2019 10:58,8/27/2019 11:28,8/27/2019 11:28,8/27/2019,11:28:53,2019,8,11,,Interval,B,178,95,"178, 95",-178,,520589.7668,3705066.298
63,8/27/2019 10:58,8/27/2019 11:28,8/27/2019 11:28,8/27/2019,11:28:53,2019,8,11,,Interval,G,64,100,"64, 100",-64,,520627.6082,3705067.99
63,8/27/2019 10:58,8/27/2019 11:28,8/27/2019 11:28,8/27/2019,11:28:53,2019,8,11,,Interval,L,55,91,"55, 91",-55,,520630.5983,3705065.005
64,8/27/2019 11:41,8/27/2019 12:11,8/27/2019 11:51,8/27/2019,11:51:03,2019,8,11,,Interval,B,22,81,"22, 81",-22,,520641.5557,3705061.695
64,8/27/2019 11:41,8/27/2019 12:11,8/27/2019 11:51,8/27/2019,11:51:03,2019,8,11,,Interval,G,11,74,"11, 74",-11,,520645.2092,3705059.375
64,8/27/2019 11:41,8/27/2019 12:11,8/27/2019 11:51,8/27/2019,11:51:03,2019,8,11,,Interval,L,30,78,"30, 78",-30,,520638.9009,3705060.697
64,8/27/2019 11:41,8/27/2019 12:11,8/27/2019 12:01,8/27/2019,12:01:03,2019,8,12,,Interval,B,174,73,"174, 73",-174,,520591.1009,3705058.996
64,8/27/2019 11:41,8/27/2019 12:11,8/27/2019 12:01,8/27/2019,12:01:03,2019,8,12,,Interval,G,191,71,"191, 71",-191,,520585.4583,3705058.328
64,8/27/2019 11:41,8/27/2019 12:11,8/27/2019 12:01,8/27/2019,12:01:03,2019,8,12,,Interval,L,181,59,"181, 59",-181,,520588.7812,3705054.347
64,8/27/2019 11:41,8/27/2019 12:11,8/27/2019 12:11,8/27/2019,12:11:03,2019,8,12,,Interval,B,159,92,"159, 92",-159,,520596.0748,3705065.308
64,8/27/2019 11:41,8/27/2019 12:11,8/27/2019 12:11,8/27/2019,12:11:03,2019,8,12,,Interval,G,194,94,"194, 94",-194,,520584.4559,3705065.962
64,8/27/2019 11:41,8/27/2019 12:11,8/27/2019 12:11,8/27/2019,12:11:03,2019,8,12,,Interval,L,178,92,"178, 92",-178,,520589.7677,3705065.302
65,8/27/2019 13:12,8/27/2019 13:42,8/27/2019 13:22,8/27/2019,13:22:46,2019,8,13,,Interval,B,164,81,"164, 81",-164,,520594.4182,3705061.655
65,8/27/2019 13:12,8/27/2019 13:42,8/27/2019 13:22,8/27/2019,13:22:46,2019,8,13,,Interval,G,117,177,"117, 177",-117,,520609.9927,3705093.536
65,8/27/2019 13:12,8/27/2019 13:42,8/27/2019 13:22,8/27/2019,13:22:46,2019,8,13,,Interval,L,131,94,"131, 94",-131,,520605.369,3705065.98
65,8/27/2019 13:12,8/27/2019 13:42,8/27/2019 13:32,8/27/2019,13:32:46,2019,8,13,,Interval,B,23,122,"23, 122",-23,,520641.212,3705075.305
65,8/27/2019 13:12,8/27/2019 13:42,8/27/2019 13:32,8/27/2019,13:32:46,2019,8,13,,Interval,G,8,124,"8, 124",-8,,520646.1908,3705075.973
65,8/27/2019 13:12,8/27/2019 13:42,8/27/2019 13:32,8/27/2019,13:32:46,2019,8,13,,Interval,L,42,98,"42, 98",-42,,520634.9117,3705067.333
65,8/27/2019 13:12,8/27/2019 13:42,8/27/2019 13:42,8/27/2019,13:42:46,2019,8,13,,Interval,B,25,155,"25, 155",-25,,520640.5387,3705086.259
65,8/27/2019 13:12,8/27/2019 13:42,8/27/2019 13:42,8/27/2019,13:42:46,2019,8,13,,Interval,G,12,127,"12, 127",-12,,520644.8621,3705076.968
65,8/27/2019 13:12,8/27/2019 13:42,8/27/2019 13:42,8/27/2019,13:42:46,2019,8,13,,Interval,L,15,146,"15, 146",-15,,520643.8608,3705083.274
66,8/27/2019 13:44,8/27/2019 14:11,8/27/2019 13:54,8/27/2019,13:54:27,2019,8,13,2 interval session,Interval,B,36,157,"36, 157",-36,,520636.8866,3705086.92
66,8/27/2019 13:44,8/27/2019 14:11,8/27/2019 13:54,8/27/2019,13:54:27,2019,8,13,2 interval session,Interval,G,35,170,"35, 170",-35,,520637.2149,3705091.236
66,8/27/2019 13:44,8/27/2019 14:11,8/27/2019 13:54,8/27/2019,13:54:27,2019,8,13,2 interval session,Interval,L,22,163,"22, 163",-22,,520641.5323,3705088.916
66,8/27/2019 13:44,8/27/2019 14:11,8/27/2019 14:04,8/27/2019,14:04:27,2019,8,14,2 interval session,Interval,B,11,150,"11, 150",-11,,520645.1875,3705084.603
66,8/27/2019 13:44,8/27/2019 14:11,8/27/2019 14:04,8/27/2019,14:04:27,2019,8,14,2 interval session,Interval,G,58,94,"58, 94",-58,,520629.6016,3705066
66,8/27/2019 13:44,8/27/2019 14:11,8/27/2019 14:04,8/27/2019,14:04:27,2019,8,14,2 interval session,Interval,L,45,109,"45, 109",-45,,520633.9127,3705070.983
67,8/28/2019 8:42,8/28/2019 9:12,8/28/2019 8:52,8/28/2019,8:52:00,2019,8,8,AddData,Interval,B,271,219,"271, 219",-271,,520558.8598,3705107.434
67,8/28/2019 8:42,8/28/2019 9:12,8/28/2019 8:52,8/28/2019,8:52:00,2019,8,8,AddData,Interval,L,234,89,"234, 89",-234,,520571.1791,3705064.291
67,8/28/2019 8:42,8/28/2019 9:12,8/28/2019 9:02,8/28/2019,9:02:00,2019,8,9,AddData,Interval,B,383,251,"383, 251",-383,,520521.6718,3705118.025
67,8/28/2019 8:42,8/28/2019 9:12,8/28/2019 9:02,8/28/2019,9:02:00,2019,8,9,AddData,Interval,L,378,209,"378, 209",-378,,520523.3436,3705104.084
67,8/28/2019 8:42,8/28/2019 9:12,8/28/2019 9:12,8/28/2019,9:12:00,2019,8,9,AddData,Interval,B,479,184,"479, 184",-479,,520489.8233,3705095.756
67,8/28/2019 8:42,8/28/2019 9:12,8/28/2019 9:12,8/28/2019,9:12:00,2019,8,9,AddData,Interval,L,263,104,"263, 104",-263,,520561.5482,3705069.262
68,8/28/2019 10:46,8/28/2019 11:14,8/28/2019 10:56,8/28/2019,10:56:02,2019,8,10,AddData,Interval,B,369,115,"369, 115",-369,,520526.3579,3705072.883
68,8/28/2019 10:46,8/28/2019 11:14,8/28/2019 10:56,8/28/2019,10:56:02,2019,8,10,AddData,Interval,L,273,117,"273, 117",-273,,520558.2249,3705073.574
68,8/28/2019 10:46,8/28/2019 11:14,8/28/2019 11:06,8/28/2019,11:06:02,2019,8,11,AddData,Interval,B,366,131,"366, 131",-366,,520527.3492,3705078.195
68,8/28/2019 10:46,8/28/2019 11:14,8/28/2019 11:06,8/28/2019,11:06:02,2019,8,11,AddData,Interval,L,368,182,"368, 182",-368,,520526.6708,3705095.124
69,8/28/2019 9:13,8/28/2019 9:43,8/28/2019 9:23,8/28/2019,9:23:04,2019,8,9,AddData,Interval,B,373,258,"373, 258",-373,,520524.9894,3705120.351
69,8/28/2019 9:13,8/28/2019 9:43,8/28/2019 9:23,8/28/2019,9:23:04,2019,8,9,AddData,Interval,L,141,128,"141, 128",-141,,520602.0397,3705077.263
69,8/28/2019 9:13,8/28/2019 9:43,8/28/2019 9:33,8/28/2019,9:33:04,2019,8,9,AddData,Interval,B,248,105,"248, 105",-248,,520566.5272,3705069.598
69,8/28/2019 9:13,8/28/2019 9:43,8/28/2019 9:33,8/28/2019,9:33:04,2019,8,9,AddData,Interval,L,151,183,"151, 183",-151,,520598.7045,3705095.518
69,8/28/2019 9:13,8/28/2019 9:43,8/28/2019 9:43,8/28/2019,9:43:04,2019,8,9,AddData,Interval,B,286,125,"286, 125",-286,,520553.9073,3705076.226
69,8/28/2019 9:13,8/28/2019 9:43,8/28/2019 9:43,8/28/2019,9:43:04,2019,8,9,AddData,Interval,L,90,198,"90, 198",-90,,520618.9494,3705100.515
70,8/28/2019 9:44,8/28/2019 10:14,8/28/2019 9:54,8/28/2019,9:54:23,2019,8,9,AddData,Interval,B,453,123,"453, 123",-453,,520498.4715,3705075.515
70,8/28/2019 9:44,8/28/2019 10:14,8/28/2019 9:54,8/28/2019,9:54:23,2019,8,9,AddData,Interval,L,467,159,"467, 159",-467,,520493.8139,3705087.461
70,8/28/2019 9:44,8/28/2019 10:14,8/28/2019 10:04,8/28/2019,10:04:23,2019,8,10,AddData,Interval,B,506,63,"506, 63",-506,,520480.8951,3705055.582
70,8/28/2019 9:44,8/28/2019 10:14,8/28/2019 10:04,8/28/2019,10:04:23,2019,8,10,AddData,Interval,L,558,122,"558, 122",-558,,520463.6166,3705075.153
70,8/28/2019 9:44,8/28/2019 10:14,8/28/2019 10:14,8/28/2019,10:14:23,2019,8,10,AddData,Interval,B,411,58,"411, 58",-411,,520512.4321,3705053.949
70,8/28/2019 9:44,8/28/2019 10:14,8/28/2019 10:14,8/28/2019,10:14:23,2019,8,10,AddData,Interval,L,249,106,"249, 106",-249,,520566.195,3705069.929
71,8/28/2019 13:02,8/28/2019 13:25,8/28/2019 13:12,8/28/2019,13:12:49,2019,8,13,No B in observations two interval session,Interval,G,309,211,"309, 211",-309,,520546.2478,3705104.768
71,8/28/2019 13:02,8/28/2019 13:25,8/28/2019 13:12,8/28/2019,13:12:49,2019,8,13,No B in observations two interval session,Interval,L,283,212,"283, 212",-283,,520554.8783,3705105.107
71,8/28/2019 13:02,8/28/2019 13:25,8/28/2019 13:22,8/28/2019,13:22:49,2019,8,13,No B in observations two interval session,Interval,G,120,208,"120, 208",-120,,520608.988,3705103.826
71,8/28/2019 13:02,8/28/2019 13:25,8/28/2019 13:22,8/28/2019,13:22:49,2019,8,13,No B in observations two interval session,Interval,L,107,193,"107, 193",-107,,520613.3077,3705098.85
72,8/28/2019 10:15,8/28/2019 10:45,8/28/2019 10:25,8/28/2019,10:25:23,2019,8,10,AddData,Interval,B,395,70,"395, 70",-395,,520517.74,3705057.938
72,8/28/2019 10:15,8/28/2019 10:45,8/28/2019 10:25,8/28/2019,10:25:23,2019,8,10,AddData,Interval,L,200,78,"200, 78",-200,,520582.4687,3705060.649
72,8/28/2019 10:15,8/28/2019 10:45,8/28/2019 10:35,8/28/2019,10:35:23,2019,8,10,AddData,Interval,B,411,71,"411, 71",-411,,520512.4284,3705058.265
72,8/28/2019 10:15,8/28/2019 10:45,8/28/2019 10:35,8/28/2019,10:35:23,2019,8,10,AddData,Interval,L,374,91,"374, 91",-374,,520524.705,3705064.915
72,8/28/2019 10:15,8/28/2019 10:45,8/28/2019 10:45,8/28/2019,10:45:23,2019,8,10,AddData,Interval,B,354,95,"354, 95",-354,,520531.3429,3705066.248
72,8/28/2019 10:15,8/28/2019 10:45,8/28/2019 10:45,8/28/2019,10:45:23,2019,8,10,AddData,Interval,L,299,94,"299, 94",-299,,520549.6007,3705065.932
73,8/28/2019 15:00,8/28/2019 15:30,8/28/2019 15:10,8/28/2019,15:10:15,2019,8,15,,Interval,B,506,74,"506, 74",-506,,520480.8919,3705059.234
73,8/28/2019 15:00,8/28/2019 15:30,8/28/2019 15:10,8/28/2019,15:10:15,2019,8,15,,Interval,L,475,44,"475, 44",-475,,520491.191,3705049.284
73,8/28/2019 15:00,8/28/2019 15:30,8/28/2019 15:20,8/28/2019,15:20:15,2019,8,15,,Interval,B,497,57,"497, 57",-497,,520483.8843,3705053.593
73,8/28/2019 15:00,8/28/2019 15:30,8/28/2019 15:20,8/28/2019,15:20:15,2019,8,15,,Interval,G,187,81,"187, 81",-187,,520586.7833,3705061.648
73,8/28/2019 15:00,8/28/2019 15:30,8/28/2019 15:20,8/28/2019,15:20:15,2019,8,15,,Interval,L,191,60,"191, 60",-191,,520585.4614,3705054.676
73,8/28/2019 15:00,8/28/2019 15:30,8/28/2019 15:30,8/28/2019,15:30:15,2019,8,15,,Interval,B,582,160,"582, 160",-582,,520455.6389,3705087.76
73,8/28/2019 15:00,8/28/2019 15:30,8/28/2019 15:30,8/28/2019,15:30:15,2019,8,15,,Interval,G,233,89,"233, 89",-233,,520571.5111,3705064.291
73,8/28/2019 15:00,8/28/2019 15:30,8/28/2019 15:30,8/28/2019,15:30:15,2019,8,15,,Interval,L,263,100,"263, 100",-263,,520561.5493,3705067.934
74,8/29/2019 8:52,8/29/2019 9:22,8/29/2019 9:02,8/29/2019,9:02:54,2019,8,9,No B observations,Interval,G,59,189,"59, 189",-59,,520629.2426,3705097.536
74,8/29/2019 8:52,8/29/2019 9:22,8/29/2019 9:02,8/29/2019,9:02:54,2019,8,9,No B observations,Interval,L,28,169,"28, 169",-28,,520639.5389,3705090.906
74,8/29/2019 8:52,8/29/2019 9:22,8/29/2019 9:12,8/29/2019,9:12:54,2019,8,9,No B observations,Interval,G,59,172,"59, 172",-59,,520629.2474,3705091.893
74,8/29/2019 8:52,8/29/2019 9:22,8/29/2019 9:12,8/29/2019,9:12:54,2019,8,9,No B observations,Interval,L,17,150,"17, 150",-17,,520643.1958,3705084.602
74,8/29/2019 8:52,8/29/2019 9:22,8/29/2019 9:22,8/29/2019,9:22:54,2019,8,9,No B observations,Interval,G,25,112,"25, 112",-25,,520640.551,3705071.985
74,8/29/2019 8:52,8/29/2019 9:22,8/29/2019 9:22,8/29/2019,9:22:54,2019,8,9,No B observations,Interval,L,41,115,"41, 115",-41,,520635.2388,3705072.976
75,8/29/2019 10:38,8/29/2019 11:08,8/29/2019 10:48,8/29/2019,10:48:44,2019,8,10,,Interval,B,275,117,"275, 117",-275,,520557.561,3705073.574
75,8/29/2019 10:38,8/29/2019 11:08,8/29/2019 10:48,8/29/2019,10:48:44,2019,8,10,,Interval,G,211,88,"211, 88",-211,,520578.8144,3705063.965
75,8/29/2019 10:38,8/29/2019 11:08,8/29/2019 10:48,8/29/2019,10:48:44,2019,8,10,,Interval,L,175,68,"175, 68",-175,,520590.7704,3705057.336
75,8/29/2019 10:38,8/29/2019 11:08,8/29/2019 10:58,8/29/2019,10:58:44,2019,8,10,,Interval,B,274,129,"274, 129",-274,,520557.8896,3705077.557
75,8/29/2019 10:38,8/29/2019 11:08,8/29/2019 10:58,8/29/2019,10:58:44,2019,8,10,,Interval,G,268,144,"268, 144",-268,,520559.877,3705082.538
75,8/29/2019 10:38,8/29/2019 11:08,8/29/2019 10:58,8/29/2019,10:58:44,2019,8,10,,Interval,L,263,129,"263, 129",-263,,520561.5411,3705077.56
75,8/29/2019 10:38,8/29/2019 11:08,8/29/2019 11:08,8/29/2019,11:08:44,2019,8,11,,Interval,B,242,194,"242, 194",-242,,520568.4936,3705099.143
75,8/29/2019 10:38,8/29/2019 11:08,8/29/2019 11:08,8/29/2019,11:08:44,2019,8,11,,Interval,G,228,200,"228, 200",-228,,520573.1392,3705101.139
75,8/29/2019 10:38,8/29/2019 11:08,8/29/2019 11:08,8/29/2019,11:08:44,2019,8,11,,Interval,L,232,186,"232, 186",-232,,520571.8154,3705096.491
76,8/29/2019 9:45,8/29/2019 10:15,8/29/2019 9:55,8/29/2019,9:55:40,2019,8,9,,Interval,B,245,217,"245, 217",-245,,520567.4912,3705106.777
76,8/29/2019 9:45,8/29/2019 10:15,8/29/2019 9:55,8/29/2019,9:55:40,2019,8,9,,Interval,G,241,203,"241, 203",-241,,520568.823,3705102.131
76,8/29/2019 9:45,8/29/2019 10:15,8/29/2019 9:55,8/29/2019,9:55:40,2019,8,9,,Interval,L,232,213,"232, 213",-232,,520571.8077,3705105.453
76,8/29/2019 9:45,8/29/2019 10:15,8/29/2019 10:05,8/29/2019,10:05:40,2019,8,10,,Interval,B,370,275,"370, 275",-370,,520525.9804,3705125.995
76,8/29/2019 9:45,8/29/2019 10:15,8/29/2019 10:05,8/29/2019,10:05:40,2019,8,10,,Interval,G,351,274,"351, 274",-351,,520532.2878,3705125.669
76,8/29/2019 9:45,8/29/2019 10:15,8/29/2019 10:05,8/29/2019,10:05:40,2019,8,10,,Interval,L,361,274,"361, 274",-361,,520528.9682,3705125.666
76,8/29/2019 9:45,8/29/2019 10:15,8/29/2019 10:15,8/29/2019,10:15:40,2019,8,10,,Interval,B,301,256,"301, 256",-301,,520548.8906,3705119.708
76,8/29/2019 9:45,8/29/2019 10:15,8/29/2019 10:15,8/29/2019,10:15:40,2019,8,10,,Interval,G,342,239,"342, 239",-342,,520535.2853,3705114.053
76,8/29/2019 9:45,8/29/2019 10:15,8/29/2019 10:15,8/29/2019,10:15:40,2019,8,10,,Interval,L,331,234,"331, 234",-331,,520538.9383,3705112.396
77,8/29/2019 9:24,8/29/2019 9:38,8/29/2019 9:34,8/29/2019,9:34:25,2019,8,9,1 interval session,Interval,G,16,76,"16, 76",-16,,520643.5488,3705060.037
77,8/29/2019 9:24,8/29/2019 9:38,8/29/2019 9:34,8/29/2019,9:34:25,2019,8,9,1 interval session,Interval,L,11,127,"11, 127",-11,,520645.194,3705076.968
88,11/20/2019 9:30,11/20/2019 10:00,11/20/2019 9:40,11/20/2019,9:40:33,2019,11,9,,Interval,B,196,225,"196, 225",-196,,520583.7546,3705109.447
88,11/20/2019 9:30,11/20/2019 10:00,11/20/2019 9:40,11/20/2019,9:40:33,2019,11,9,,Interval,G,324,210,"324, 210",-324,,520541.2688,3705104.431
88,11/20/2019 9:30,11/20/2019 10:00,11/20/2019 9:40,11/20/2019,9:40:33,2019,11,9,,Interval,L,425,182,"425, 182",-425,,520507.7494,3705095.108
88,11/20/2019 9:30,11/20/2019 10:00,11/20/2019 9:50,11/20/2019,9:50:33,2019,11,9,,Interval,B,490,137,"490, 137",-490,,520486.1852,3705080.151
88,11/20/2019 9:30,11/20/2019 10:00,11/20/2019 9:50,11/20/2019,9:50:33,2019,11,9,,Interval,G,563,164,"563, 164",-563,,520461.9449,3705089.093
88,11/20/2019 9:30,11/20/2019 10:00,11/20/2019 9:50,11/20/2019,9:50:33,2019,11,9,,Interval,L,493,163,"493, 163",-493,,520485.1819,3705088.781
88,11/20/2019 9:30,11/20/2019 10:00,11/20/2019 10:00,11/20/2019,10:00:33,2019,11,10,,Interval,B,546,146,"546, 146",-546,,520467.5932,3705083.123
88,11/20/2019 9:30,11/20/2019 10:00,11/20/2019 10:00,11/20/2019,10:00:33,2019,11,10,,Interval,G,516,200,"516, 200",-516,,520477.5365,3705101.057
88,11/20/2019 9:30,11/20/2019 10:00,11/20/2019 10:00,11/20/2019,10:00:33,2019,11,10,,Interval,L,477,211,"477, 211",-477,,520490.4795,3705104.72
89,11/20/2019 10:02,11/20/2019 10:32,11/20/2019 10:12,11/20/2019,10:12:32,2019,11,10,2 interval session,Interval,B,411,44,"411, 44",-411,,520512.4361,3705049.302
89,11/20/2019 10:02,11/20/2019 10:32,11/20/2019 10:12,11/20/2019,10:12:32,2019,11,10,2 interval session,Interval,G,220,90,"220, 90",-220,,520575.8262,3705064.626
89,11/20/2019 10:02,11/20/2019 10:32,11/20/2019 10:12,11/20/2019,10:12:32,2019,11,10,2 interval session,Interval,L,237,91,"237, 91",-237,,520570.1827,3705064.954
89,11/20/2019 10:02,11/20/2019 10:32,11/20/2019 10:22,11/20/2019,10:22:32,2019,11,10,2 interval session,Interval,B,300,220,"300, 220",-300,,520549.2328,3705107.758
89,11/20/2019 10:02,11/20/2019 10:32,11/20/2019 10:22,11/20/2019,10:22:32,2019,11,10,2 interval session,Interval,G,241,223,"241, 223",-241,,520568.8173,3705108.77
89,11/20/2019 10:02,11/20/2019 10:32,11/20/2019 10:22,11/20/2019,10:22:32,2019,11,10,2 interval session,Interval,L,16,131,"16, 131",-16,,520643.5331,3705078.295
90,11/20/2019 11:22,11/20/2019 11:52,11/20/2019 11:32,11/20/2019,11:32:55,2019,11,11,,Interval,B,492,213,"492, 213",-492,,520485.4997,3705105.379
90,11/20/2019 11:22,11/20/2019 11:52,11/20/2019 11:32,11/20/2019,11:32:55,2019,11,11,,Interval,G,465,207,"465, 207",-465,,520494.4641,3705103.395
90,11/20/2019 11:22,11/20/2019 11:52,11/20/2019 11:32,11/20/2019,11:32:55,2019,11,11,,Interval,L,413,219,"413, 219",-413,,520511.7223,3705107.394
90,11/20/2019 11:22,11/20/2019 11:52,11/20/2019 11:42,11/20/2019,11:42:55,2019,11,11,,Interval,B,469,205,"469, 205",-469,,520493.1369,3705102.73
90,11/20/2019 11:22,11/20/2019 11:52,11/20/2019 11:42,11/20/2019,11:42:55,2019,11,11,,Interval,G,440,211,"440, 211",-440,,520502.7618,3705104.73
90,11/20/2019 11:22,11/20/2019 11:52,11/20/2019 11:42,11/20/2019,11:42:55,2019,11,11,,Interval,L,386,210,"386, 210",-386,,520520.6876,3705104.414
90,11/20/2019 11:22,11/20/2019 11:52,11/20/2019 11:52,11/20/2019,11:52:55,2019,11,11,,Interval,B,475,211,"475, 211",-475,,520491.1434,3705104.72
90,11/20/2019 11:22,11/20/2019 11:52,11/20/2019 11:52,11/20/2019,11:52:55,2019,11,11,,Interval,G,265,262,"265, 262",-265,,520560.8392,3705121.71
90,11/20/2019 11:22,11/20/2019 11:52,11/20/2019 11:52,11/20/2019,11:52:55,2019,11,11,,Interval,L,190,256,"190, 256",-190,,520585.7375,3705119.739
91,11/20/2019 11:53,11/20/2019 12:23,11/20/2019 12:03,11/20/2019,12:03:45,2019,11,12,,Interval,B,514,105,"514, 105",-514,,520478.2274,3705069.522
91,11/20/2019 11:53,11/20/2019 12:23,11/20/2019 12:03,11/20/2019,12:03:45,2019,11,12,,Interval,G,339,251,"339, 251",-339,,520536.2778,3705118.037
91,11/20/2019 11:53,11/20/2019 12:23,11/20/2019 12:03,11/20/2019,12:03:45,2019,11,12,,Interval,L,33,122,"33, 122",-33,,520637.8925,3705075.302
91,11/20/2019 11:53,11/20/2019 12:23,11/20/2019 12:13,11/20/2019,12:13:45,2019,11,12,,Interval,B,504,158,"504, 158",-504,,520481.5319,3705087.118
91,11/20/2019 11:53,11/20/2019 12:23,11/20/2019 12:13,11/20/2019,12:13:45,2019,11,12,,Interval,G,203,179,"203, 179",-203,,520581.4441,3705094.175
91,11/20/2019 11:53,11/20/2019 12:23,11/20/2019 12:13,11/20/2019,12:13:45,2019,11,12,,Interval,L,84,92,"84, 92",-84,,520620.9714,3705065.329
91,11/20/2019 11:53,11/20/2019 12:23,11/20/2019 12:23,11/20/2019,12:23:45,2019,11,12,,Interval,B,463,156,"463, 156",-463,,520495.1426,3705086.466
91,11/20/2019 11:53,11/20/2019 12:23,11/20/2019 12:23,11/20/2019,12:23:45,2019,11,12,,Interval,G,419,38,"419, 38",-419,,520509.7822,3705047.308
91,11/20/2019 11:53,11/20/2019 12:23,11/20/2019 12:23,11/20/2019,12:23:45,2019,11,12,,Interval,L,315,236,"315, 236",-315,,520544.249,3705113.065
93,11/20/2019 13:28,11/20/2019 13:58,11/20/2019 13:38,11/20/2019,13:38:11,2019,11,13,,Interval,B,37,173,"37, 173",-37,,520636.5501,3705092.231
93,11/20/2019 13:28,11/20/2019 13:58,11/20/2019 13:38,11/20/2019,13:38:11,2019,11,13,,Interval,G,27,166,"27, 166",-27,,520639.8717,3705089.91
93,11/20/2019 13:28,11/20/2019 13:58,11/20/2019 13:38,11/20/2019,13:38:11,2019,11,13,,Interval,L,40,162,"40, 162",-40,,520635.5574,3705088.578
93,11/20/2019 13:28,11/20/2019 13:58,11/20/2019 13:48,11/20/2019,13:48:11,2019,11,13,,Interval,B,218,275,"218, 275",-218,,520576.4374,3705126.039
93,11/20/2019 13:28,11/20/2019 13:58,11/20/2019 13:48,11/20/2019,13:48:11,2019,11,13,,Interval,G,311,253,"311, 253",-311,,520545.5719,3705118.709
93,11/20/2019 13:28,11/20/2019 13:58,11/20/2019 13:48,11/20/2019,13:48:11,2019,11,13,,Interval,L,186,239,"186, 239",-186,,520587.0702,3705114.097
93,11/20/2019 13:28,11/20/2019 13:58,11/20/2019 13:58,11/20/2019,13:58:11,2019,11,13,,Interval,B,334,269,"334, 269",-334,,520537.9324,3705124.014
93,11/20/2019 13:28,11/20/2019 13:58,11/20/2019 13:58,11/20/2019,13:58:11,2019,11,13,,Interval,G,279,268,"279, 268",-279,,520556.1902,3705123.697
93,11/20/2019 13:28,11/20/2019 13:58,11/20/2019 13:58,11/20/2019,13:58:11,2019,11,13,,Interval,L,121,212,"121, 212",-121,,520608.6549,3705105.153
106,11/20/2019 13:59,11/20/2019 14:12,11/20/2019 14:09,11/20/2019,14:09:30,2019,11,14,,Interval,B,374,266,"374, 266",-374,,520524.6551,3705123.006
106,11/20/2019 13:59,11/20/2019 14:12,11/20/2019 14:09,11/20/2019,14:09:30,2019,11,14,,Interval,G,235,271,"235, 271",-235,,520570.7953,3705124.706
106,11/20/2019 13:59,11/20/2019 14:12,11/20/2019 14:09,11/20/2019,14:09:30,2019,11,14,,Interval,L,136,200,"136, 200",-136,,520603.679,3705101.165
112,11/20/2019 14:30,11/20/2019 15:00,11/20/2019 14:40,11/20/2019,14:40:13,2019,11,14,,Interval,B,571,132,"571, 132",-571,,520459.2984,3705078.468
112,11/20/2019 14:30,11/20/2019 15:00,11/20/2019 14:40,11/20/2019,14:40:13,2019,11,14,,Interval,G,469,44,"469, 44",-469,,520493.1828,3705049.286
112,11/20/2019 14:30,11/20/2019 15:00,11/20/2019 14:40,11/20/2019,14:40:13,2019,11,14,,Interval,L,23,137,"23, 137",-23,,520641.2078,3705080.284
112,11/20/2019 14:30,11/20/2019 15:00,11/20/2019 14:50,11/20/2019,14:50:13,2019,11,14,,Interval,G,126,98,"126, 98",-126,,520607.0276,3705067.309
112,11/20/2019 14:30,11/20/2019 15:00,11/20/2019 14:50,11/20/2019,14:50:13,2019,11,14,,Interval,L,180,72,"180, 72",-180,,520589.1095,3705058.663
112,11/20/2019 14:30,11/20/2019 15:00,11/20/2019 15:00,11/20/2019,15:00:13,2019,11,15,,Interval,B,380,89,"380, 89",-380,,520522.7138,3705064.249
112,11/20/2019 14:30,11/20/2019 15:00,11/20/2019 15:00,11/20/2019,15:00:13,2019,11,15,,Interval,G,57,179,"57, 179",-57,,520629.9093,3705094.217
112,11/20/2019 14:30,11/20/2019 15:00,11/20/2019 15:00,11/20/2019,15:00:13,2019,11,15,,Interval,L,16,153,"16, 153",-16,,520643.5269,3705085.598
125,11/20/2019 15:07,11/20/2019 15:17,11/20/2019 15:17,11/20/2019,15:17:10,2019,11,15,1 interval session,Interval,B,17,148,"17, 148",-17,,520643.1963,3705083.938
125,11/20/2019 15:07,11/20/2019 15:17,11/20/2019 15:17,11/20/2019,15:17:10,2019,11,15,1 interval session,Interval,G,33,155,"33, 155",-33,,520637.8831,3705086.257
125,11/20/2019 15:07,11/20/2019 15:17,11/20/2019 15:17,11/20/2019,15:17:10,2019,11,15,1 interval session,Interval,L,30,141,"30, 141",-30,,520638.8829,3705081.61
126,11/21/2019 8:58,11/21/2019 9:28,11/21/2019 9:08,11/21/2019,9:08:46,2019,11,9,,Interval,G,377,251,"377, 251",-377,,520523.6635,3705118.026
126,11/21/2019 8:58,11/21/2019 9:28,11/21/2019 9:08,11/21/2019,9:08:46,2019,11,9,,Interval,L,204,269,"204, 269",-204,,520581.0864,3705124.051
126,11/21/2019 8:58,11/21/2019 9:28,11/21/2019 9:18,11/21/2019,9:18:46,2019,11,9,,Interval,G,356,264,"356, 264",-356,,520530.6309,3705122.348
126,11/21/2019 8:58,11/21/2019 9:28,11/21/2019 9:18,11/21/2019,9:18:46,2019,11,9,,Interval,L,196,266,"196, 266",-196,,520583.7429,3705123.057
126,11/21/2019 8:58,11/21/2019 9:28,11/21/2019 9:28,11/21/2019,9:28:46,2019,11,9,,Interval,G,252,100,"252, 100",-252,,520565.2008,3705067.937
126,11/21/2019 8:58,11/21/2019 9:28,11/21/2019 9:28,11/21/2019,9:28:46,2019,11,9,,Interval,L,194,60,"194, 60",-194,,520584.4656,3705054.675
127,11/21/2019 9:29,11/21/2019 9:59,11/21/2019 9:39,11/21/2019,9:39:26,2019,11,9,,Interval,G,230,203,"230, 203",-230,,520572.4745,3705102.134
127,11/21/2019 9:29,11/21/2019 9:59,11/21/2019 9:39,11/21/2019,9:39:26,2019,11,9,,Interval,L,180,240,"180, 240",-180,,520589.0616,3705114.431
127,11/21/2019 9:29,11/21/2019 9:59,11/21/2019 9:49,11/21/2019,9:49:26,2019,11,9,,Interval,G,384,183,"384, 183",-384,,520521.3592,3705095.451
127,11/21/2019 9:29,11/21/2019 9:59,11/21/2019 9:49,11/21/2019,9:49:26,2019,11,9,,Interval,L,382,251,"382, 251",-382,,520522.0038,3705118.025
127,11/21/2019 9:29,11/21/2019 9:59,11/21/2019 9:59,11/21/2019,9:59:26,2019,11,9,,Interval,G,472,209,"472, 209",-472,,520492.1399,3705104.057
127,11/21/2019 9:29,11/21/2019 9:59,11/21/2019 9:59,11/21/2019,9:59:26,2019,11,9,,Interval,L,380,253,"380, 253",-380,,520522.6671,3705118.689
128,11/21/2019 10:00,11/21/2019 10:19,11/21/2019 10:10,11/21/2019,10:10:17,2019,11,10,1 interval session,Interval,G,385,113,"385, 113",-385,,520521.0472,3705072.214
128,11/21/2019 10:00,11/21/2019 10:19,11/21/2019 10:10,11/21/2019,10:10:17,2019,11,10,1 interval session,Interval,L,333,230,"333, 230",-333,,520538.2755,3705111.068
129,11/21/2019 10:22,11/21/2019 10:52,11/21/2019 10:32,11/21/2019,10:32:54,2019,11,10,,Interval,B,385,246,"385, 246",-385,,520521.0093,3705116.364
129,11/21/2019 10:22,11/21/2019 10:52,11/21/2019 10:32,11/21/2019,10:32:54,2019,11,10,,Interval,G,369,249,"369, 249",-369,,520526.3197,3705117.365
129,11/21/2019 10:22,11/21/2019 10:52,11/21/2019 10:32,11/21/2019,10:32:54,2019,11,10,,Interval,L,250,134,"250, 134",-250,,520565.855,3705079.224
129,11/21/2019 10:22,11/21/2019 10:52,11/21/2019 10:42,11/21/2019,10:42:54,2019,11,10,,Interval,B,463,207,"463, 207",-463,,520495.128,3705103.396
129,11/21/2019 10:22,11/21/2019 10:52,11/21/2019 10:42,11/21/2019,10:42:54,2019,11,10,,Interval,G,336,99,"336, 99",-336,,520537.317,3705067.581
129,11/21/2019 10:22,11/21/2019 10:52,11/21/2019 10:42,11/21/2019,10:42:54,2019,11,10,,Interval,L,174,64,"174, 64",-174,,520591.1035,3705056.009
129,11/21/2019 10:22,11/21/2019 10:52,11/21/2019 10:52,11/21/2019,10:52:54,2019,11,10,,Interval,B,463,138,"463, 138",-463,,520495.1477,3705080.491
129,11/21/2019 10:22,11/21/2019 10:52,11/21/2019 10:52,11/21/2019,10:52:54,2019,11,10,,Interval,G,458,54,"458, 54",-458,,520496.8314,3705052.608
129,11/21/2019 10:22,11/21/2019 10:52,11/21/2019 10:52,11/21/2019,10:52:54,2019,11,10,,Interval,L,506,59,"506, 59",-506,,520480.8962,3705054.254
130,11/21/2019 11:55,11/21/2019 12:25,11/21/2019 12:05,11/21/2019,12:05:06,2019,11,12,,Interval,B,239,92,"239, 92",-239,,520569.5185,3705065.285
130,11/21/2019 11:55,11/21/2019 12:25,11/21/2019 12:05,11/21/2019,12:05:06,2019,11,12,,Interval,G,210,71,"210, 71",-210,,520579.1512,3705058.322
130,11/21/2019 11:55,11/21/2019 12:25,11/21/2019 12:05,11/21/2019,12:05:06,2019,11,12,,Interval,L,144,96,"144, 96",-144,,520601.053,3705066.64
130,11/21/2019 11:55,11/21/2019 12:25,11/21/2019 12:15,11/21/2019,12:15:06,2019,11,12,,Interval,B,127,95,"127, 95",-127,,520606.6965,3705066.313
130,11/21/2019 11:55,11/21/2019 12:25,11/21/2019 12:15,11/21/2019,12:15:06,2019,11,12,,Interval,G,55,84,"55, 84",-55,,520630.6003,3705062.682
130,11/21/2019 11:55,11/21/2019 12:25,11/21/2019 12:15,11/21/2019,12:15:06,2019,11,12,,Interval,L,234,246,"234, 246",-234,,520571.1344,3705116.407
130,11/21/2019 11:55,11/21/2019 12:25,11/21/2019 12:25,11/21/2019,12:25:06,2019,11,12,,Interval,B,24,118,"24, 118",-24,,520640.8812,3705073.977
130,11/21/2019 11:55,11/21/2019 12:25,11/21/2019 12:25,11/21/2019,12:25:06,2019,11,12,,Interval,G,17,145,"17, 145",-17,,520643.1972,3705082.942
130,11/21/2019 11:55,11/21/2019 12:25,11/21/2019 12:25,11/21/2019,12:25:06,2019,11,12,,Interval,L,15,161,"15, 161",-15,,520643.8565,3705088.254
131,11/21/2019 12:26,11/21/2019 12:56,11/21/2019 12:36,11/21/2019,12:36:58,2019,11,12,,Interval,B,49,167,"49, 167",-49,,520632.5684,3705090.236
131,11/21/2019 12:26,11/21/2019 12:56,11/21/2019 12:36,11/21/2019,12:36:58,2019,11,12,,Interval,G,35,160,"35, 160",-35,,520637.2177,3705087.916
131,11/21/2019 12:26,11/21/2019 12:56,11/21/2019 12:36,11/21/2019,12:36:58,2019,11,12,,Interval,L,19,148,"19, 148",-19,,520642.5324,3705083.937
131,11/21/2019 12:26,11/21/2019 12:56,11/21/2019 12:46,11/21/2019,12:46:58,2019,11,12,,Interval,B,33,160,"33, 160",-33,,520637.8817,3705087.917
131,11/21/2019 12:26,11/21/2019 12:56,11/21/2019 12:46,11/21/2019,12:46:58,2019,11,12,,Interval,G,20,129,"20, 129",-20,,520642.2059,3705077.63
131,11/21/2019 12:26,11/21/2019 12:56,11/21/2019 12:46,11/21/2019,12:46:58,2019,11,12,,Interval,L,50,84,"50, 84",-50,,520632.2601,3705062.683
131,11/21/2019 12:26,11/21/2019 12:56,11/21/2019 12:56,11/21/2019,12:56:58,2019,11,12,,Interval,B,13,132,"13, 132",-13,,520644.5287,3705078.628
131,11/21/2019 12:26,11/21/2019 12:56,11/21/2019 12:56,11/21/2019,12:56:58,2019,11,12,,Interval,G,49,99,"49, 99",-49,,520632.5878,3705067.663
131,11/21/2019 12:26,11/21/2019 12:56,11/21/2019 12:56,11/21/2019,12:56:58,2019,11,12,,Interval,L,15,150,"15, 150",-15,,520643.8597,3705084.602
132,11/21/2019 15:09,11/21/2019 15:25,11/21/2019 15:19,11/21/2019,15:19:30,2019,11,15,1 interval session,Interval,B,21,153,"21, 153",-21,,520641.8671,3705085.596
132,11/21/2019 15:09,11/21/2019 15:25,11/21/2019 15:19,11/21/2019,15:19:30,2019,11,15,1 interval session,Interval,G,13,143,"13, 143",-13,,520644.5256,3705082.279
132,11/21/2019 15:09,11/21/2019 15:25,11/21/2019 15:19,11/21/2019,15:19:30,2019,11,15,1 interval session,Interval,L,35,151,"35, 151",-35,,520637.2203,3705084.928
133,11/21/2019 13:00,11/21/2019 13:30,11/21/2019 13:10,11/21/2019,13:10:00,2019,11,13,,Interval,B,18,152,"18, 152",-18,,520642.8632,3705085.265
133,11/21/2019 13:00,11/21/2019 13:30,11/21/2019 13:10,11/21/2019,13:10:00,2019,11,13,,Interval,G,178,239,"178, 239",-178,,520589.7258,3705114.1
133,11/21/2019 13:00,11/21/2019 13:30,11/21/2019 13:10,11/21/2019,13:10:00,2019,11,13,,Interval,L,198,267,"198, 267",-198,,520583.0787,3705123.389
133,11/21/2019 13:00,11/21/2019 13:30,11/21/2019 13:20,11/21/2019,13:20:00,2019,11,13,,Interval,B,151,194,"151, 194",-151,,520598.7014,3705099.169
133,11/21/2019 13:00,11/21/2019 13:30,11/21/2019 13:20,11/21/2019,13:20:00,2019,11,13,,Interval,G,468,205,"468, 205",-468,,520493.4688,3705102.73
133,11/21/2019 13:00,11/21/2019 13:30,11/21/2019 13:20,11/21/2019,13:20:00,2019,11,13,,Interval,L,225,242,"225, 242",-225,,520574.1231,3705115.082
133,11/21/2019 13:00,11/21/2019 13:30,11/21/2019 13:30,11/21/2019,13:30:00,2019,11,13,,Interval,B,236,268,"236, 268",-236,,520570.4642,3705123.71
133,11/21/2019 13:00,11/21/2019 13:30,11/21/2019 13:30,11/21/2019,13:30:00,2019,11,13,,Interval,G,137,199,"137, 199",-137,,520603.3473,3705100.833
133,11/21/2019 13:00,11/21/2019 13:30,11/21/2019 13:30,11/21/2019,13:30:00,2019,11,13,,Interval,L,291,237,"291, 237",-291,,520552.2156,3705113.403
134,11/21/2019 14:38,11/21/2019 15:08,11/21/2019 14:48,11/21/2019,14:48:30,2019,11,14,,Interval,B,56,110,"56, 110",-56,,520630.261,3705071.312
134,11/21/2019 14:38,11/21/2019 15:08,11/21/2019 14:48,11/21/2019,14:48:30,2019,11,14,,Interval,G,56,101,"56, 101",-56,,520630.2635,3705068.325
134,11/21/2019 14:38,11/21/2019 15:08,11/21/2019 14:48,11/21/2019,14:48:30,2019,11,14,,Interval,L,56,108,"56, 108",-56,,520630.2615,3705070.648
134,11/21/2019 14:38,11/21/2019 15:08,11/21/2019 14:58,11/21/2019,14:58:30,2019,11,14,,Interval,B,18,150,"18, 150",-18,,520642.8638,3705084.601
134,11/21/2019 14:38,11/21/2019 15:08,11/21/2019 14:58,11/21/2019,14:58:30,2019,11,14,,Interval,G,19,165,"19, 165",-19,,520642.5276,3705089.58
134,11/21/2019 14:38,11/21/2019 15:08,11/21/2019 14:58,11/21/2019,14:58:30,2019,11,14,,Interval,L,18,137,"18, 137",-18,,520642.8675,3705080.286
134,11/21/2019 14:38,11/21/2019 15:08,11/21/2019 15:08,11/21/2019,15:08:30,2019,11,15,,Interval,B,18,157,"18, 157",-18,,520642.8618,3705086.925
134,11/21/2019 14:38,11/21/2019 15:08,11/21/2019 15:08,11/21/2019,15:08:30,2019,11,15,,Interval,G,18,146,"18, 146",-18,,520642.865,3705083.273
134,11/21/2019 14:38,11/21/2019 15:08,11/21/2019 15:08,11/21/2019,15:08:30,2019,11,15,,Interval,L,26,173,"26, 173",-26,,520640.2016,3705092.234
135,11/22/2019 9:09,11/22/2019 9:39,11/22/2019 9:19,11/22/2019,9:19:17,2019,11,9,No B,Interval,G,389,241,"389, 241",-389,,520519.6829,3705114.703
135,11/22/2019 9:09,11/22/2019 9:39,11/22/2019 9:19,11/22/2019,9:19:17,2019,11,9,No B,Interval,L,44,120,"44, 120",-44,,520634.2416,3705074.635
135,11/22/2019 9:09,11/22/2019 9:39,11/22/2019 9:29,11/22/2019,9:29:17,2019,11,9,No B,Interval,G,344,102,"344, 102",-344,,520534.6605,3705068.575
135,11/22/2019 9:09,11/22/2019 9:39,11/22/2019 9:29,11/22/2019,9:29:17,2019,11,9,No B,Interval,L,15,118,"15, 118",-15,,520643.8688,3705073.98
135,11/22/2019 9:09,11/22/2019 9:39,11/22/2019 9:39,11/22/2019,9:39:17,2019,11,9,No B,Interval,G,353,153,"353, 153",-353,,520531.6584,3705085.502
135,11/22/2019 9:09,11/22/2019 9:39,11/22/2019 9:39,11/22/2019,9:39:17,2019,11,9,No B,Interval,L,258,221,"258, 221",-258,,520563.1746,3705108.102
136,11/22/2019 11:05,11/22/2019 11:35,11/22/2019 11:15,11/22/2019,11:15:38,2019,11,11,,Interval,B,510,70,"510, 70",-510,,520479.5652,3705057.905
136,11/22/2019 11:05,11/22/2019 11:35,11/22/2019 11:15,11/22/2019,11:15:38,2019,11,11,,Interval,G,334,159,"334, 159",-334,,520537.9638,3705087.499
136,11/22/2019 11:05,11/22/2019 11:35,11/22/2019 11:15,11/22/2019,11:15:38,2019,11,11,,Interval,L,355,112,"355, 112",-355,,520531.0061,3705071.891
136,11/22/2019 11:05,11/22/2019 11:35,11/22/2019 11:25,11/22/2019,11:25:38,2019,11,11,,Interval,B,499,96,"499, 96",-499,,520483.2093,3705066.539
136,11/22/2019 11:05,11/22/2019 11:35,11/22/2019 11:25,11/22/2019,11:25:38,2019,11,11,,Interval,G,254,126,"254, 126",-254,,520564.5295,3705076.567
136,11/22/2019 11:05,11/22/2019 11:35,11/22/2019 11:25,11/22/2019,11:25:38,2019,11,11,,Interval,L,27,83,"27, 83",-27,,520639.8953,3705062.358
136,11/22/2019 11:05,11/22/2019 11:35,11/22/2019 11:35,11/22/2019,11:35:38,2019,11,11,,Interval,B,513,66,"513, 66",-513,,520478.5705,3705056.576
136,11/22/2019 11:05,11/22/2019 11:35,11/22/2019 11:35,11/22/2019,11:35:38,2019,11,11,,Interval,G,104,93,"104, 93",-104,,520614.332,3705065.655
136,11/22/2019 11:05,11/22/2019 11:35,11/22/2019 11:35,11/22/2019,11:35:38,2019,11,11,,Interval,L,30,116,"30, 116",-30,,520638.8901,3705073.311
137,11/22/2019 9:39,11/22/2019 9:55,11/22/2019 9:49,11/22/2019,9:49:58,2019,11,9,1 interval session,Interval,G,20,79,"20, 79",-20,,520642.2201,3705061.032
137,11/22/2019 9:39,11/22/2019 9:55,11/22/2019 9:49,11/22/2019,9:49:58,2019,11,9,1 interval session,Interval,L,13,116,"13, 116",-13,,520644.5333,3705073.316
138,11/22/2019 10:03,11/22/2019 10:33,11/22/2019 10:13,11/22/2019,10:13:41,2019,11,10,,Interval,B,326,202,"326, 202",-326,,520540.6072,3705101.775
138,11/22/2019 10:03,11/22/2019 10:33,11/22/2019 10:13,11/22/2019,10:13:41,2019,11,10,,Interval,G,443,202,"443, 202",-443,,520501.7685,3705101.742
138,11/22/2019 10:03,11/22/2019 10:33,11/22/2019 10:13,11/22/2019,10:13:41,2019,11,10,,Interval,L,291,229,"291, 229",-291,,520552.2178,3705110.748
138,11/22/2019 10:03,11/22/2019 10:33,11/22/2019 10:23,11/22/2019,10:23:41,2019,11,10,,Interval,B,496,77,"496, 77",-496,,520484.2106,3705060.232
138,11/22/2019 10:03,11/22/2019 10:33,11/22/2019 10:23,11/22/2019,10:23:41,2019,11,10,,Interval,G,521,106,"521, 106",-521,,520475.9035,3705069.852
138,11/22/2019 10:03,11/22/2019 10:33,11/22/2019 10:23,11/22/2019,10:23:41,2019,11,10,,Interval,L,482,93,"482, 93",-482,,520488.8534,3705065.548
138,11/22/2019 10:03,11/22/2019 10:33,11/22/2019 10:33,11/22/2019,10:33:41,2019,11,10,,Interval,B,475,208,"475, 208",-475,,520491.1443,3705103.724
138,11/22/2019 10:03,11/22/2019 10:33,11/22/2019 10:33,11/22/2019,10:33:41,2019,11,10,,Interval,G,513,68,"513, 68",-513,,520478.5699,3705057.24
138,11/22/2019 10:03,11/22/2019 10:33,11/22/2019 10:33,11/22/2019,10:33:41,2019,11,10,,Interval,L,461,63,"461, 63",-461,,520495.833,3705055.595
139,11/22/2019 10:34,11/22/2019 11:04,11/22/2019 10:44,11/22/2019,10:44:47,2019,11,10,,Interval,B,367,273,"367, 273",-367,,520526.9768,3705125.332
139,11/22/2019 10:34,11/22/2019 11:04,11/22/2019 10:44,11/22/2019,10:44:47,2019,11,10,,Interval,G,218,277,"218, 277",-218,,520576.4368,3705126.702
139,11/22/2019 10:34,11/22/2019 11:04,11/22/2019 10:44,11/22/2019,10:44:47,2019,11,10,,Interval,L,217,264,"217, 264",-217,,520576.7725,3705122.387
139,11/22/2019 10:34,11/22/2019 11:04,11/22/2019 10:54,11/22/2019,10:54:47,2019,11,10,,Interval,B,434,212,"434, 212",-434,,520504.7533,3705105.064
139,11/22/2019 10:34,11/22/2019 11:04,11/22/2019 10:54,11/22/2019,10:54:47,2019,11,10,,Interval,G,456,205,"456, 205",-456,,520497.4523,3705102.734
139,11/22/2019 10:34,11/22/2019 11:04,11/22/2019 10:54,11/22/2019,10:54:47,2019,11,10,,Interval,L,413,221,"413, 221",-413,,520511.7217,3705108.057
139,11/22/2019 10:34,11/22/2019 11:04,11/22/2019 11:04,11/22/2019,11:04:47,2019,11,11,,Interval,B,468,179,"468, 179",-468,,520493.4762,3705094.1
139,11/22/2019 10:34,11/22/2019 11:04,11/22/2019 11:04,11/22/2019,11:04:47,2019,11,11,,Interval,G,418,210,"418, 210",-418,,520510.0651,3705104.405
139,11/22/2019 10:34,11/22/2019 11:04,11/22/2019 11:04,11/22/2019,11:04:47,2019,11,11,,Interval,L,451,142,"451, 142",-451,,520499.13,3705081.822
140,11/22/2019 11:36,11/22/2019 12:06,11/22/2019 11:46,11/22/2019,11:46:31,2019,11,11,,Interval,B,497,56,"497, 56",-497,,520483.8846,3705053.261
140,11/22/2019 11:36,11/22/2019 12:06,11/22/2019 11:46,11/22/2019,11:46:31,2019,11,11,,Interval,G,384,85,"384, 85",-384,,520521.3872,3705062.92
140,11/22/2019 11:36,11/22/2019 12:06,11/22/2019 11:46,11/22/2019,11:46:31,2019,11,11,,Interval,L,397,75,"397, 75",-397,,520517.0746,3705059.597
140,11/22/2019 11:36,11/22/2019 12:06,11/22/2019 11:56,11/22/2019,11:56:31,2019,11,11,,Interval,B,404,63,"404, 63",-404,,520514.7544,3705055.611
140,11/22/2019 11:36,11/22/2019 12:06,11/22/2019 11:56,11/22/2019,11:56:31,2019,11,11,,Interval,G,306,220,"306, 220",-306,,520547.2411,3705107.756
140,11/22/2019 11:36,11/22/2019 12:06,11/22/2019 11:56,11/22/2019,11:56:31,2019,11,11,,Interval,L,237,213,"237, 213",-237,,520570.1479,3705105.452
140,11/22/2019 11:36,11/22/2019 12:06,11/22/2019 12:06,11/22/2019,12:06:31,2019,11,12,,Interval,B,417,103,"417, 103",-417,,520510.4276,3705068.886
140,11/22/2019 11:36,11/22/2019 12:06,11/22/2019 12:06,11/22/2019,12:06:31,2019,11,12,,Interval,G,380,252,"380, 252",-380,,520522.6674,3705118.357
140,11/22/2019 11:36,11/22/2019 12:06,11/22/2019 12:06,11/22/2019,12:06:31,2019,11,12,,Interval,L,181,239,"181, 239",-181,,520588.7299,3705114.099
141,11/22/2019 12:39,11/22/2019 13:09,11/22/2019 12:49,11/22/2019,12:49:15,2019,11,12,,Interval,B,372,268,"372, 268",-372,,520525.3185,3705123.671
141,11/22/2019 12:39,11/22/2019 13:09,11/22/2019 12:49,11/22/2019,12:49:15,2019,11,12,,Interval,G,433,212,"433, 212",-433,,520505.0852,3705105.064
141,11/22/2019 12:39,11/22/2019 13:09,11/22/2019 12:49,11/22/2019,12:49:15,2019,11,12,,Interval,L,418,219,"418, 219",-418,,520510.0625,3705107.392
141,11/22/2019 12:39,11/22/2019 13:09,11/22/2019 12:59,11/22/2019,12:59:15,2019,11,12,,Interval,B,448,208,"448, 208",-448,,520500.1071,3705103.732
141,11/22/2019 12:39,11/22/2019 13:09,11/22/2019 12:59,11/22/2019,12:59:15,2019,11,12,,Interval,G,513,69,"513, 69",-513,,520478.5697,3705057.572
141,11/22/2019 12:39,11/22/2019 13:09,11/22/2019 12:59,11/22/2019,12:59:15,2019,11,12,,Interval,L,487,100,"487, 100",-487,,520487.1916,3705067.87
141,11/22/2019 12:39,11/22/2019 13:09,11/22/2019 13:09,11/22/2019,13:09:15,2019,11,13,,Interval,B,235,271,"235, 271",-235,,520570.7953,3705124.706
141,11/22/2019 12:39,11/22/2019 13:09,11/22/2019 13:09,11/22/2019,13:09:15,2019,11,13,,Interval,G,261,217,"261, 217",-261,,520562.1799,3705106.773
141,11/22/2019 12:39,11/22/2019 13:09,11/22/2019 13:09,11/22/2019,13:09:15,2019,11,13,,Interval,L,176,217,"176, 217",-176,,520590.396,3705106.797
142,11/22/2019 13:10,11/22/2019 13:24,11/22/2019 13:20,11/22/2019,13:20:11,2019,11,13,1 interval session,Interval,B,28,148,"28, 148",-28,,520639.5448,3705083.935
142,11/22/2019 13:10,11/22/2019 13:24,11/22/2019 13:20,11/22/2019,13:20:11,2019,11,13,1 interval session,Interval,G,15,137,"15, 137",-15,,520643.8634,3705080.287
142,11/22/2019 13:10,11/22/2019 13:24,11/22/2019 13:20,11/22/2019,13:20:11,2019,11,13,1 interval session,Interval,L,44,94,"44, 94",-44,,520634.249,3705066.004
143,11/22/2019 12:07,11/22/2019 12:37,11/22/2019 12:17,11/22/2019,12:17:53,2019,11,12,,Interval,B,351,139,"351, 139",-351,,520532.3263,3705080.855
143,11/22/2019 12:07,11/22/2019 12:37,11/22/2019 12:17,11/22/2019,12:17:53,2019,11,12,,Interval,G,384,242,"384, 242",-384,,520521.3424,3705115.037
143,11/22/2019 12:07,11/22/2019 12:37,11/22/2019 12:17,11/22/2019,12:17:53,2019,11,12,,Interval,L,176,237,"176, 237",-176,,520590.3903,3705113.436
143,11/22/2019 12:07,11/22/2019 12:37,11/22/2019 12:27,11/22/2019,12:27:53,2019,11,12,,Interval,B,278,119,"278, 119",-278,,520556.5646,3705074.237
143,11/22/2019 12:07,11/22/2019 12:37,11/22/2019 12:27,11/22/2019,12:27:53,2019,11,12,,Interval,G,416,221,"416, 221",-416,,520510.7259,3705108.057
143,11/22/2019 12:07,11/22/2019 12:37,11/22/2019 12:27,11/22/2019,12:27:53,2019,11,12,,Interval,L,380,254,"380, 254",-380,,520522.6668,3705119.021
143,11/22/2019 12:07,11/22/2019 12:37,11/22/2019 12:37,11/22/2019,12:37:53,2019,11,12,,Interval,B,342,249,"342, 249",-342,,520535.2825,3705117.372
143,11/22/2019 12:07,11/22/2019 12:37,11/22/2019 12:37,11/22/2019,12:37:53,2019,11,12,,Interval,G,407,205,"407, 205",-407,,520513.718,3705102.748
143,11/22/2019 12:07,11/22/2019 12:37,11/22/2019 12:37,11/22/2019,12:37:53,2019,11,12,,Interval,L,368,267,"368, 267",-368,,520526.6466,3705123.34
144,11/22/2019 13:33,11/22/2019 14:03,11/22/2019 13:43,11/22/2019,13:43:49,2019,11,13,,Interval,B,569,134,"569, 134",-569,,520459.9617,3705079.133
144,11/22/2019 13:33,11/22/2019 14:03,11/22/2019 13:43,11/22/2019,13:43:49,2019,11,13,,Interval,G,284,130,"284, 130",-284,,520554.5697,3705077.886
144,11/22/2019 13:33,11/22/2019 14:03,11/22/2019 13:43,11/22/2019,13:43:49,2019,11,13,,Interval,L,254,105,"254, 105",-254,,520564.5355,3705069.596
144,11/22/2019 13:33,11/22/2019 14:03,11/22/2019 13:53,11/22/2019,13:53:49,2019,11,13,,Interval,B,48,108,"48, 108",-48,,520632.9172,3705070.651
144,11/22/2019 13:33,11/22/2019 14:03,11/22/2019 13:53,11/22/2019,13:53:49,2019,11,13,,Interval,G,66,107,"66, 107",-66,,520626.9423,3705070.314
144,11/22/2019 13:33,11/22/2019 14:03,11/22/2019 13:53,11/22/2019,13:53:49,2019,11,13,,Interval,L,57,86,"57, 86",-57,,520629.9359,3705063.345
144,11/22/2019 13:33,11/22/2019 14:03,11/22/2019 14:03,11/22/2019,14:03:49,2019,11,14,,Interval,B,16,161,"16, 161",-16,,520643.5246,3705088.253
144,11/22/2019 13:33,11/22/2019 14:03,11/22/2019 14:03,11/22/2019,14:03:49,2019,11,14,,Interval,G,18,142,"18, 142",-18,,520642.8661,3705081.946
144,11/22/2019 13:33,11/22/2019 14:03,11/22/2019 14:03,11/22/2019,14:03:49,2019,11,14,,Interval,L,17,149,"17, 149",-17,,520643.1961,3705084.27
145,11/22/2019 14:04,11/22/2019 14:34,11/22/2019 14:14,11/22/2019,14:14:41,2019,11,14,2 interval session,Interval,B,16,154,"16, 154",-16,,520643.5266,3705085.93
145,11/22/2019 14:04,11/22/2019 14:34,11/22/2019 14:14,11/22/2019,14:14:41,2019,11,14,2 interval session,Interval,G,18,145,"18, 145",-18,,520642.8652,3705082.942
145,11/22/2019 14:04,11/22/2019 14:34,11/22/2019 14:14,11/22/2019,14:14:41,2019,11,14,2 interval session,Interval,L,25,149,"25, 149",-25,,520640.5404,3705084.267
145,11/22/2019 14:04,11/22/2019 14:34,11/22/2019 14:24,11/22/2019,14:24:41,2019,11,14,2 interval session,Interval,B,14,152,"14, 152",-14,,520644.1911,3705085.266
145,11/22/2019 14:04,11/22/2019 14:34,11/22/2019 14:24,11/22/2019,14:24:41,2019,11,14,2 interval session,Interval,G,14,139,"14, 139",-14,,520644.1948,3705080.951
145,11/22/2019 14:04,11/22/2019 14:34,11/22/2019 14:24,11/22/2019,14:24:41,2019,11,14,2 interval session,Interval,L,34,115,"34, 115",-34,,520637.5625,3705072.978
151,2/26/2020 9:59,2/26/2020 10:29,2/26/2020 10:09,2/26/2020,10:09:40,2020,2,10,,Interval,B,452,140,"452, 140",-452,,520498.7986,3705081.158
151,2/26/2020 9:59,2/26/2020 10:29,2/26/2020 10:09,2/26/2020,10:09:40,2020,2,10,,Interval,G,449,52,"449, 52",-449,,520499.8196,3705051.947
151,2/26/2020 9:59,2/26/2020 10:29,2/26/2020 10:09,2/26/2020,10:09:40,2020,2,10,,Interval,L,408,44,"408, 44",-408,,520513.432,3705049.303
151,2/26/2020 9:59,2/26/2020 10:29,2/26/2020 10:19,2/26/2020,10:19:40,2020,2,10,,Interval,B,432,57,"432, 57",-432,,520505.4614,3705053.612
151,2/26/2020 9:59,2/26/2020 10:29,2/26/2020 10:19,2/26/2020,10:19:40,2020,2,10,,Interval,G,185,64,"185, 64",-185,,520587.452,3705056.006
151,2/26/2020 9:59,2/26/2020 10:29,2/26/2020 10:19,2/26/2020,10:19:40,2020,2,10,,Interval,L,200,62,"200, 62",-200,,520582.4733,3705055.337
151,2/26/2020 9:59,2/26/2020 10:29,2/26/2020 10:29,2/26/2020,10:29:40,2020,2,10,,Interval,B,196,64,"196, 64",-196,,520583.8005,3705056.003
151,2/26/2020 9:59,2/26/2020 10:29,2/26/2020 10:29,2/26/2020,10:29:40,2020,2,10,,Interval,G,216,236,"216, 236",-216,,520577.1124,3705113.093
151,2/26/2020 9:59,2/26/2020 10:29,2/26/2020 10:29,2/26/2020,10:29:40,2020,2,10,,Interval,L,122,206,"122, 206",-122,,520608.3246,3705103.161
152,2/26/2020 10:39,2/26/2020 11:09,2/26/2020 10:49,2/26/2020,10:49:50,2020,2,10,,Interval,B,128,108,"128, 108",-128,,520606.3608,3705070.628
152,2/26/2020 10:39,2/26/2020 11:09,2/26/2020 10:49,2/26/2020,10:49:50,2020,2,10,,Interval,G,479,123,"479, 123",-479,,520489.8407,3705075.507
152,2/26/2020 10:39,2/26/2020 11:09,2/26/2020 10:49,2/26/2020,10:49:50,2020,2,10,,Interval,L,337,100,"337, 100",-337,,520536.9847,3705067.913
152,2/26/2020 10:39,2/26/2020 11:09,2/26/2020 10:59,2/26/2020,10:59:50,2020,2,10,,Interval,B,23,116,"23, 116",-23,,520641.2137,3705073.313
152,2/26/2020 10:39,2/26/2020 11:09,2/26/2020 10:59,2/26/2020,10:59:50,2020,2,10,,Interval,G,36,157,"36, 157",-36,,520636.8866,3705086.92
152,2/26/2020 10:39,2/26/2020 11:09,2/26/2020 10:59,2/26/2020,10:59:50,2020,2,10,,Interval,L,34,147,"34, 147",-34,,520637.5534,3705083.601
152,2/26/2020 10:39,2/26/2020 11:09,2/26/2020 11:09,2/26/2020,11:09:50,2020,2,11,,Interval,B,15,141,"15, 141",-15,,520643.8622,3705081.615
152,2/26/2020 10:39,2/26/2020 11:09,2/26/2020 11:09,2/26/2020,11:09:50,2020,2,11,,Interval,G,196,253,"196, 253",-196,,520583.7466,3705118.742
152,2/26/2020 10:39,2/26/2020 11:09,2/26/2020 11:09,2/26/2020,11:09:50,2020,2,11,,Interval,L,179,210,"179, 210",-179,,520589.4021,3705104.473
154,2/26/2020 11:10,2/26/2020 11:40,2/26/2020 11:20,2/26/2020,11:20:31,2020,2,11,,Interval,B,12,132,"12, 132",-12,,520644.8607,3705078.628
154,2/26/2020 11:10,2/26/2020 11:40,2/26/2020 11:20,2/26/2020,11:20:31,2020,2,11,,Interval,G,17,149,"17, 149",-17,,520643.1961,3705084.27
154,2/26/2020 11:10,2/26/2020 11:40,2/26/2020 11:20,2/26/2020,11:20:31,2020,2,11,,Interval,L,30,120,"30, 120",-30,,520638.8889,3705074.639
154,2/26/2020 11:10,2/26/2020 11:40,2/26/2020 11:30,2/26/2020,11:30:31,2020,2,11,,Interval,B,15,146,"15, 146",-15,,520643.8608,3705083.274
154,2/26/2020 11:10,2/26/2020 11:40,2/26/2020 11:30,2/26/2020,11:30:31,2020,2,11,,Interval,G,16,140,"16, 140",-16,,520643.5306,3705081.282
154,2/26/2020 11:10,2/26/2020 11:40,2/26/2020 11:30,2/26/2020,11:30:31,2020,2,11,,Interval,L,17,132,"17, 132",-17,,520643.2009,3705078.626
154,2/26/2020 11:10,2/26/2020 11:40,2/26/2020 11:40,2/26/2020,11:40:31,2020,2,11,,Interval,B,16,149,"16, 149",-16,,520643.528,3705084.27
154,2/26/2020 11:10,2/26/2020 11:40,2/26/2020 11:40,2/26/2020,11:40:31,2020,2,11,,Interval,G,14,125,"14, 125",-14,,520644.1988,3705076.304
154,2/26/2020 11:10,2/26/2020 11:40,2/26/2020 11:40,2/26/2020,11:40:31,2020,2,11,,Interval,L,14,137,"14, 137",-14,,520644.1953,3705080.287
155,2/26/2020 13:37,2/26/2020 14:07,2/26/2020 13:47,2/26/2020,13:47:58,2020,2,13,,Interval,B,563,175,"563, 175",-563,,520461.9417,3705092.745
155,2/26/2020 13:37,2/26/2020 14:07,2/26/2020 13:47,2/26/2020,13:47:58,2020,2,13,,Interval,G,16,146,"16, 146",-16,,520643.5289,3705083.274
155,2/26/2020 13:37,2/26/2020 14:07,2/26/2020 13:47,2/26/2020,13:47:58,2020,2,13,,Interval,L,15,159,"15, 159",-15,,520643.8571,3705087.59
155,2/26/2020 13:37,2/26/2020 14:07,2/26/2020 13:57,2/26/2020,13:57:58,2020,2,13,,Interval,B,13,143,"13, 143",-13,,520644.5256,3705082.279
155,2/26/2020 13:37,2/26/2020 14:07,2/26/2020 13:57,2/26/2020,13:57:58,2020,2,13,,Interval,G,25,156,"25, 156",-25,,520640.5384,3705086.591
155,2/26/2020 13:37,2/26/2020 14:07,2/26/2020 13:57,2/26/2020,13:57:58,2020,2,13,,Interval,L,29,169,"29, 169",-29,,520639.2069,3705090.905
155,2/26/2020 13:37,2/26/2020 14:07,2/26/2020 14:07,2/26/2020,14:07:58,2020,2,14,,Interval,B,17,151,"17, 151",-17,,520643.1955,3705084.934
155,2/26/2020 13:37,2/26/2020 14:07,2/26/2020 14:07,2/26/2020,14:07:58,2020,2,14,,Interval,G,21,137,"21, 137",-21,,520641.8717,3705080.285
155,2/26/2020 13:37,2/26/2020 14:07,2/26/2020 14:07,2/26/2020,14:07:58,2020,2,14,,Interval,L,17,141,"17, 141",-17,,520643.1983,3705081.614
157,2/26/2020 14:17,2/26/2020 14:47,2/26/2020 14:27,2/26/2020,14:27:25,2020,2,14,,Interval,B,14,144,"14, 144",-14,,520644.1933,3705082.611
157,2/26/2020 14:17,2/26/2020 14:47,2/26/2020 14:27,2/26/2020,14:27:25,2020,2,14,,Interval,G,15,132,"15, 132",-15,,520643.8648,3705078.627
157,2/26/2020 14:17,2/26/2020 14:47,2/26/2020 14:27,2/26/2020,14:27:25,2020,2,14,,Interval,L,40,181,"40, 181",-40,,520635.552,3705094.886
157,2/26/2020 14:17,2/26/2020 14:47,2/26/2020 14:37,2/26/2020,14:37:25,2020,2,14,,Interval,B,14,149,"14, 149",-14,,520644.1919,3705084.27
157,2/26/2020 14:17,2/26/2020 14:47,2/26/2020 14:37,2/26/2020,14:37:25,2020,2,14,,Interval,G,18,159,"18, 159",-18,,520642.8613,3705087.589
157,2/26/2020 14:17,2/26/2020 14:47,2/26/2020 14:37,2/26/2020,14:37:25,2020,2,14,,Interval,L,20,169,"20, 169",-20,,520642.1945,3705090.908
157,2/26/2020 14:17,2/26/2020 14:47,2/26/2020 14:47,2/26/2020,14:47:25,2020,2,14,,Interval,B,16,155,"16, 155",-16,,520643.5263,3705086.262
157,2/26/2020 14:17,2/26/2020 14:47,2/26/2020 14:47,2/26/2020,14:47:25,2020,2,14,,Interval,G,31,165,"31, 165",-31,,520638.5441,3705089.577
157,2/26/2020 14:17,2/26/2020 14:47,2/26/2020 14:47,2/26/2020,14:47:25,2020,2,14,,Interval,L,80,197,"80, 197",-80,,520622.2693,3705100.185
158,2/27/2020 11:18,2/27/2020 11:35,2/27/2020 11:28,2/27/2020,11:28:24,2020,2,11,,Interval,G,534,100,"534, 100",-534,,520471.5898,3705067.857
158,2/27/2020 11:18,2/27/2020 11:35,2/27/2020 11:28,2/27/2020,11:28:24,2020,2,11,,Interval,L,396,181,"396, 181",-396,,520517.3764,3705094.784
160,2/27/2020 13:12,2/27/2020 13:42,2/27/2020 13:22,2/27/2020,13:22:17,2020,2,13,,Interval,B,175,236,"175, 236",-175,,520590.7225,3705113.105
160,2/27/2020 13:12,2/27/2020 13:42,2/27/2020 13:22,2/27/2020,13:22:17,2020,2,13,,Interval,G,562,181,"562, 181",-562,,520462.272,3705094.737
160,2/27/2020 13:12,2/27/2020 13:42,2/27/2020 13:22,2/27/2020,13:22:17,2020,2,13,,Interval,L,523,189,"523, 189",-523,,520475.2159,3705097.404
160,2/27/2020 13:12,2/27/2020 13:42,2/27/2020 13:32,2/27/2020,13:32:17,2020,2,13,,Interval,B,122,207,"122, 207",-122,,520608.3244,3705103.493
160,2/27/2020 13:12,2/27/2020 13:42,2/27/2020 13:32,2/27/2020,13:32:17,2020,2,13,,Interval,G,409,219,"409, 219",-409,,520513.0501,3705107.395
160,2/27/2020 13:12,2/27/2020 13:42,2/27/2020 13:32,2/27/2020,13:32:17,2020,2,13,,Interval,L,491,210,"491, 210",-491,,520485.8325,3705104.384
160,2/27/2020 13:12,2/27/2020 13:42,2/27/2020 13:42,2/27/2020,13:42:17,2020,2,13,,Interval,B,14,120,"14, 120",-14,,520644.2002,3705074.644
160,2/27/2020 13:12,2/27/2020 13:42,2/27/2020 13:42,2/27/2020,13:42:17,2020,2,13,,Interval,G,522,188,"522, 188",-522,,520475.5482,3705097.072
160,2/27/2020 13:12,2/27/2020 13:42,2/27/2020 13:42,2/27/2020,13:42:17,2020,2,13,,Interval,L,433,197,"433, 197",-433,,520505.0895,3705100.085
162,2/27/2020 11:40,2/27/2020 12:10,2/27/2020 11:50,2/27/2020,11:50:02,2020,2,11,,Interval,B,354,159,"354, 159",-354,,520531.3247,3705087.493
162,2/27/2020 11:40,2/27/2020 12:10,2/27/2020 11:50,2/27/2020,11:50:02,2020,2,11,,Interval,G,493,98,"493, 98",-493,,520485.2005,3705067.204
162,2/27/2020 11:40,2/27/2020 12:10,2/27/2020 11:50,2/27/2020,11:50:02,2020,2,11,,Interval,L,266,232,"266, 232",-266,,520560.5158,3705111.751
162,2/27/2020 11:40,2/27/2020 12:10,2/27/2020 12:00,2/27/2020,12:00:02,2020,2,12,,Interval,B,498,100,"498, 100",-498,,520483.5401,3705067.867
162,2/27/2020 11:40,2/27/2020 12:10,2/27/2020 12:00,2/27/2020,12:00:02,2020,2,12,,Interval,G,466,155,"466, 155",-466,,520494.147,3705086.133
162,2/27/2020 11:40,2/27/2020 12:10,2/27/2020 12:00,2/27/2020,12:00:02,2020,2,12,,Interval,L,231,270,"231, 270",-231,,520572.1234,3705124.375
162,2/27/2020 11:40,2/27/2020 12:10,2/27/2020 12:10,2/27/2020,12:10:02,2020,2,12,,Interval,B,454,207,"454, 207",-454,,520498.1156,3705103.398
162,2/27/2020 11:40,2/27/2020 12:10,2/27/2020 12:10,2/27/2020,12:10:02,2020,2,12,,Interval,G,261,224,"261, 224",-261,,520562.1779,3705109.097
162,2/27/2020 11:40,2/27/2020 12:10,2/27/2020 12:10,2/27/2020,12:10:02,2020,2,12,,Interval,L,244,212,"244, 212",-244,,520567.8245,3705105.118
164,2/27/2020 12:41,2/27/2020 13:11,2/27/2020 12:51,2/27/2020,12:51:30,2020,2,12,,Interval,B,206,218,"206, 218",-206,,520580.4371,3705107.121
164,2/27/2020 12:41,2/27/2020 13:11,2/27/2020 12:51,2/27/2020,12:51:30,2020,2,12,,Interval,G,210,269,"210, 269",-210,,520579.0947,3705124.049
164,2/27/2020 12:41,2/27/2020 13:11,2/27/2020 12:51,2/27/2020,12:51:30,2020,2,12,,Interval,L,302,238,"302, 238",-302,,520548.5638,3705113.732
164,2/27/2020 12:41,2/27/2020 13:11,2/27/2020 13:01,2/27/2020,13:01:30,2020,2,13,,Interval,B,218,276,"218, 276",-218,,520576.4371,3705126.37
164,2/27/2020 12:41,2/27/2020 13:11,2/27/2020 13:01,2/27/2020,13:01:30,2020,2,13,,Interval,G,550,181,"550, 181",-550,,520466.2554,3705094.74
164,2/27/2020 12:41,2/27/2020 13:11,2/27/2020 13:01,2/27/2020,13:01:30,2020,2,13,,Interval,L,496,202,"496, 202",-496,,520484.175,3705101.727
164,2/27/2020 12:41,2/27/2020 13:11,2/27/2020 13:11,2/27/2020,13:11:30,2020,2,13,,Interval,B,221,277,"221, 277",-221,,520575.4409,3705126.702
164,2/27/2020 12:41,2/27/2020 13:11,2/27/2020 13:11,2/27/2020,13:11:30,2020,2,13,,Interval,G,553,187,"553, 187",-553,,520465.2579,3705096.731
164,2/27/2020 12:41,2/27/2020 13:11,2/27/2020 13:11,2/27/2020,13:11:30,2020,2,13,,Interval,L,511,202,"511, 202",-511,,520479.1957,3705101.722
166,2/27/2020 13:43,2/27/2020 14:13,2/27/2020 13:53,2/27/2020,13:53:20,2020,2,13,,Interval,B,17,142,"17, 142",-17,,520643.1981,3705081.946
166,2/27/2020 13:43,2/27/2020 14:13,2/27/2020 13:53,2/27/2020,13:53:20,2020,2,13,,Interval,G,21,154,"21, 154",-21,,520641.8668,3705085.928
166,2/27/2020 13:43,2/27/2020 14:13,2/27/2020 13:53,2/27/2020,13:53:20,2020,2,13,,Interval,L,150,98,"150, 98",-150,,520599.0607,3705067.302
166,2/27/2020 13:43,2/27/2020 14:13,2/27/2020 14:03,2/27/2020,14:03:20,2020,2,14,,Interval,B,13,155,"13, 155",-13,,520644.5222,3705086.262
166,2/27/2020 13:43,2/27/2020 14:13,2/27/2020 14:03,2/27/2020,14:03:20,2020,2,14,,Interval,G,14,144,"14, 144",-14,,520644.1933,3705082.611
166,2/27/2020 13:43,2/27/2020 14:13,2/27/2020 14:03,2/27/2020,14:03:20,2020,2,14,,Interval,L,33,178,"33, 178",-33,,520637.8765,3705093.892
166,2/27/2020 13:43,2/27/2020 14:13,2/27/2020 14:13,2/27/2020,14:13:20,2020,2,14,,Interval,B,19,168,"19, 168",-19,,520642.5267,3705090.576
166,2/27/2020 13:43,2/27/2020 14:13,2/27/2020 14:13,2/27/2020,14:13:20,2020,2,14,,Interval,G,21,150,"21, 150",-21,,520641.868,3705084.6
166,2/27/2020 13:43,2/27/2020 14:13,2/27/2020 14:13,2/27/2020,14:13:20,2020,2,14,,Interval,L,22,159,"22, 159",-22,,520641.5334,3705087.588
168,2/27/2020 12:10,2/27/2020 12:40,2/27/2020 12:20,2/27/2020,12:20:45,2020,2,12,,Interval,B,265,221,"265, 221",-265,,520560.8509,3705108.1
168,2/27/2020 12:10,2/27/2020 12:40,2/27/2020 12:20,2/27/2020,12:20:45,2020,2,12,,Interval,G,280,213,"280, 213",-280,,520555.8739,3705105.44
168,2/27/2020 12:10,2/27/2020 12:40,2/27/2020 12:20,2/27/2020,12:20:45,2020,2,12,,Interval,L,381,179,"381, 179",-381,,520522.3562,3705094.124
168,2/27/2020 12:10,2/27/2020 12:40,2/27/2020 12:30,2/27/2020,12:30:45,2020,2,12,,Interval,B,257,232,"257, 232",-257,,520563.5034,3705111.753
168,2/27/2020 12:10,2/27/2020 12:40,2/27/2020 12:30,2/27/2020,12:30:45,2020,2,12,,Interval,G,454,70,"454, 70",-454,,520498.1547,3705057.921
168,2/27/2020 12:10,2/27/2020 12:40,2/27/2020 12:30,2/27/2020,12:30:45,2020,2,12,,Interval,L,427,179,"427, 179",-427,,520507.0864,3705094.111
168,2/27/2020 12:10,2/27/2020 12:40,2/27/2020 12:40,2/27/2020,12:40:45,2020,2,12,,Interval,B,235,219,"235, 219",-235,,520570.8101,3705107.444
168,2/27/2020 12:10,2/27/2020 12:40,2/27/2020 12:40,2/27/2020,12:40:45,2020,2,12,,Interval,G,129,95,"129, 95",-129,,520606.0326,3705066.312
168,2/27/2020 12:10,2/27/2020 12:40,2/27/2020 12:40,2/27/2020,12:40:45,2020,2,12,,Interval,L,393,180,"393, 180",-393,,520518.3725,3705094.453
170,2/27/2020 14:46,2/27/2020 15:16,2/27/2020 14:56,2/27/2020,14:56:17,2020,2,14,,Interval,B,24,166,"24, 166",-24,,520640.8675,3705089.911
170,2/27/2020 14:46,2/27/2020 15:16,2/27/2020 14:56,2/27/2020,14:56:17,2020,2,14,,Interval,G,17,148,"17, 148",-17,,520643.1963,3705083.938
170,2/27/2020 14:46,2/27/2020 15:16,2/27/2020 14:56,2/27/2020,14:56:17,2020,2,14,,Interval,L,15,159,"15, 159",-15,,520643.8571,3705087.59
170,2/27/2020 14:46,2/27/2020 15:16,2/27/2020 15:06,2/27/2020,15:06:17,2020,2,15,,Interval,B,34,175,"34, 175",-34,,520637.5454,3705092.896
170,2/27/2020 14:46,2/27/2020 15:16,2/27/2020 15:06,2/27/2020,15:06:17,2020,2,15,,Interval,G,16,164,"16, 164",-16,,520643.5237,3705089.249
170,2/27/2020 14:46,2/27/2020 15:16,2/27/2020 15:06,2/27/2020,15:06:17,2020,2,15,,Interval,L,15,149,"15, 149",-15,,520643.86,3705084.27
170,2/27/2020 14:46,2/27/2020 15:16,2/27/2020 15:16,2/27/2020,15:16:17,2020,2,15,,Interval,B,22,170,"22, 170",-22,,520641.5303,3705091.239
170,2/27/2020 14:46,2/27/2020 15:16,2/27/2020 15:16,2/27/2020,15:16:17,2020,2,15,,Interval,G,42,165,"42, 165",-42,,520634.8926,3705089.574
170,2/27/2020 14:46,2/27/2020 15:16,2/27/2020 15:16,2/27/2020,15:16:17,2020,2,15,,Interval,L,38,178,"38, 178",-38,,520636.2168,3705093.89
172,2/27/2020 14:14,2/27/2020 14:44,2/27/2020 14:24,2/27/2020,14:24:33,2020,2,14,,Interval,B,32,171,"32, 171",-32,,520638.2105,3705091.568
172,2/27/2020 14:14,2/27/2020 14:44,2/27/2020 14:24,2/27/2020,14:24:33,2020,2,14,,Interval,G,19,166,"19, 166",-19,,520642.5273,3705089.912
172,2/27/2020 14:14,2/27/2020 14:44,2/27/2020 14:24,2/27/2020,14:24:33,2020,2,14,,Interval,L,14,149,"14, 149",-14,,520644.1919,3705084.27
172,2/27/2020 14:14,2/27/2020 14:44,2/27/2020 14:34,2/27/2020,14:34:33,2020,2,14,,Interval,B,34,171,"34, 171",-34,,520637.5466,3705091.568
172,2/27/2020 14:14,2/27/2020 14:44,2/27/2020 14:34,2/27/2020,14:34:33,2020,2,14,,Interval,G,38,158,"38, 158",-38,,520636.2225,3705087.251
172,2/27/2020 14:14,2/27/2020 14:44,2/27/2020 14:34,2/27/2020,14:34:33,2020,2,14,,Interval,L,27,158,"27, 158",-27,,520639.8739,3705087.254
172,2/27/2020 14:14,2/27/2020 14:44,2/27/2020 14:44,2/27/2020,14:44:33,2020,2,14,,Interval,B,36,172,"36, 172",-36,,520636.8824,3705091.899
172,2/27/2020 14:14,2/27/2020 14:44,2/27/2020 14:44,2/27/2020,14:44:33,2020,2,14,,Interval,G,16,149,"16, 149",-16,,520643.528,3705084.27
172,2/27/2020 14:14,2/27/2020 14:44,2/27/2020 14:44,2/27/2020,14:44:33,2020,2,14,,Interval,L,18,164,"18, 164",-18,,520642.8598,3705089.249
174,2/28/2020 9:35,2/28/2020 10:05,2/28/2020 9:45,2/28/2020,9:45:56,2020,2,9,1 interval session,Interval,G,529,96,"529, 96",-529,,520473.2507,3705066.53
174,2/28/2020 9:35,2/28/2020 10:05,2/28/2020 9:45,2/28/2020,9:45:56,2020,2,9,,Interval,L,474,79,"474, 79",-474,,520491.513,3705060.903
174,2/28/2020 9:35,2/28/2020 10:05,2/28/2020 9:55,2/28/2020,9:55:56,2020,2,9,,Interval,G,532,85,"532, 85",-532,,520472.258,3705062.878
174,2/28/2020 9:35,2/28/2020 10:05,2/28/2020 9:55,2/28/2020,9:55:56,2020,2,9,,Interval,L,520,70,"520, 70",-520,,520476.2457,3705057.902
174,2/28/2020 9:35,2/28/2020 10:05,2/28/2020 10:05,2/28/2020,10:05:56,2020,2,10,,Interval,G,520,74,"520, 74",-520,,520476.2446,3705059.23
174,2/28/2020 9:35,2/28/2020 10:05,2/28/2020 10:05,2/28/2020,10:05:56,2020,2,10,,Interval,L,296,109,"296, 109",-296,,520550.5923,3705070.912
175,2/28/2020 11:48,2/28/2020 12:18,2/28/2020 11:58,2/28/2020,11:58:29,2020,2,11,,Interval,B,60,148,"60, 148",-60,,520628.9223,3705083.925
175,2/28/2020 11:48,2/28/2020 12:18,2/28/2020 11:58,2/28/2020,11:58:29,2020,2,11,,Interval,G,220,85,"220, 85",-220,,520575.8276,3705062.967
175,2/28/2020 11:48,2/28/2020 12:18,2/28/2020 11:58,2/28/2020,11:58:29,2020,2,11,,Interval,L,249,100,"249, 100",-249,,520566.1967,3705067.938
175,2/28/2020 11:48,2/28/2020 12:18,2/28/2020 12:08,2/28/2020,12:08:29,2020,2,12,,Interval,B,85,147,"85, 147",-85,,520620.6238,3705083.586
175,2/28/2020 11:48,2/28/2020 12:18,2/28/2020 12:08,2/28/2020,12:08:29,2020,2,12,,Interval,G,179,235,"179, 235",-179,,520589.395,3705112.771
175,2/28/2020 11:48,2/28/2020 12:18,2/28/2020 12:08,2/28/2020,12:08:29,2020,2,12,,Interval,L,215,248,"215, 248",-215,,520577.4409,3705117.077
175,2/28/2020 11:48,2/28/2020 12:18,2/28/2020 12:18,2/28/2020,12:18:29,2020,2,12,,Interval,B,90,182,"90, 182",-90,,520618.954,3705095.203
175,2/28/2020 11:48,2/28/2020 12:18,2/28/2020 12:18,2/28/2020,12:18:29,2020,2,12,,Interval,G,189,234,"189, 234",-189,,520586.0757,3705112.437
175,2/28/2020 11:48,2/28/2020 12:18,2/28/2020 12:18,2/28/2020,12:18:29,2020,2,12,,Interval,L,182,218,"182, 218",-182,,520588.404,3705107.127
177,2/28/2020 10:44,2/28/2020 11:14,2/28/2020 10:54,2/28/2020,10:54:42,2020,2,10,,Interval,B,516,72,"516, 72",-516,,520477.5729,3705058.567
177,2/28/2020 10:44,2/28/2020 11:14,2/28/2020 10:54,2/28/2020,10:54:42,2020,2,10,,Interval,G,254,153,"254, 153",-254,,520564.5218,3705085.53
177,2/28/2020 10:44,2/28/2020 11:14,2/28/2020 10:54,2/28/2020,10:54:42,2020,2,10,,Interval,L,84,155,"84, 155",-84,,520620.9534,3705086.242
177,2/28/2020 10:44,2/28/2020 11:14,2/28/2020 11:04,2/28/2020,11:04:42,2020,2,11,,Interval,B,510,66,"510, 66",-510,,520479.5664,3705056.577
177,2/28/2020 10:44,2/28/2020 11:14,2/28/2020 11:04,2/28/2020,11:04:42,2020,2,11,,Interval,G,332,244,"332, 244",-332,,520538.6035,3705115.715
177,2/28/2020 10:44,2/28/2020 11:14,2/28/2020 11:04,2/28/2020,11:04:42,2020,2,11,,Interval,L,176,184,"176, 184",-176,,520590.4054,3705095.843
177,2/28/2020 10:44,2/28/2020 11:14,2/28/2020 11:14,2/28/2020,11:14:42,2020,2,11,,Interval,B,486,47,"486, 47",-486,,520487.5387,3705050.277
177,2/28/2020 10:44,2/28/2020 11:14,2/28/2020 11:14,2/28/2020,11:14:42,2020,2,11,,Interval,G,373,262,"373, 262",-373,,520524.9882,3705121.679
177,2/28/2020 10:44,2/28/2020 11:14,2/28/2020 11:14,2/28/2020,11:14:42,2020,2,11,,Interval,L,234,245,"234, 245",-234,,520571.1347,3705116.075
179,2/28/2020 11:15,2/28/2020 11:45,2/28/2020 11:25,2/28/2020,11:25:24,2020,2,11,,Interval,B,318,100,"318, 100",-318,,520543.2919,3705067.918
179,2/28/2020 11:15,2/28/2020 11:45,2/28/2020 11:25,2/28/2020,11:25:24,2020,2,11,,Interval,G,401,181,"401, 181",-401,,520515.7166,3705094.783
179,2/28/2020 11:15,2/28/2020 11:45,2/28/2020 11:25,2/28/2020,11:25:24,2020,2,11,,Interval,L,318,258,"318, 258",-318,,520543.2468,3705120.367
179,2/28/2020 11:15,2/28/2020 11:45,2/28/2020 11:35,2/28/2020,11:35:24,2020,2,11,,Interval,B,17,122,"17, 122",-17,,520643.2038,3705075.307
179,2/28/2020 11:15,2/28/2020 11:45,2/28/2020 11:35,2/28/2020,11:35:24,2020,2,11,,Interval,G,334,232,"334, 232",-334,,520537.943,3705111.731
179,2/28/2020 11:15,2/28/2020 11:45,2/28/2020 11:35,2/28/2020,11:35:24,2020,2,11,,Interval,L,325,219,"325, 219",-325,,520540.9343,3705107.419
179,2/28/2020 11:15,2/28/2020 11:45,2/28/2020 11:45,2/28/2020,11:45:24,2020,2,11,,Interval,B,49,120,"49, 120",-49,,520632.5818,3705074.634
179,2/28/2020 11:15,2/28/2020 11:45,2/28/2020 11:45,2/28/2020,11:45:24,2020,2,11,,Interval,G,38,135,"38, 135",-38,,520636.229,3705079.616
179,2/28/2020 11:15,2/28/2020 11:45,2/28/2020 11:45,2/28/2020,11:45:24,2020,2,11,,Interval,L,70,182,"70, 182",-70,,520625.5931,3705095.209
181,2/28/2020 10:13,2/28/2020 10:43,2/28/2020 10:23,2/28/2020,10:23:44,2020,2,10,,Interval,B,531,79,"531, 79",-531,,520472.5916,3705060.886
181,2/28/2020 10:13,2/28/2020 10:43,2/28/2020 10:23,2/28/2020,10:23:44,2020,2,10,,Interval,G,497,141,"497, 141",-497,,520483.8604,3705081.477
181,2/28/2020 10:13,2/28/2020 10:43,2/28/2020 10:23,2/28/2020,10:23:44,2020,2,10,,Interval,L,521,195,"521, 195",-521,,520475.8781,3705099.396
181,2/28/2020 10:13,2/28/2020 10:43,2/28/2020 10:33,2/28/2020,10:33:44,2020,2,10,,Interval,B,522,88,"522, 88",-522,,520475.5767,3705063.876
181,2/28/2020 10:13,2/28/2020 10:43,2/28/2020 10:33,2/28/2020,10:33:44,2020,2,10,,Interval,G,534,80,"534, 80",-534,,520471.5955,3705061.217
181,2/28/2020 10:13,2/28/2020 10:43,2/28/2020 10:33,2/28/2020,10:33:44,2020,2,10,,Interval,L,514,136,"514, 136",-514,,520478.2186,3705079.813
181,2/28/2020 10:13,2/28/2020 10:43,2/28/2020 10:43,2/28/2020,10:43:44,2020,2,10,,Interval,B,520,70,"520, 70",-520,,520476.2457,3705057.902
181,2/28/2020 10:13,2/28/2020 10:43,2/28/2020 10:43,2/28/2020,10:43:44,2020,2,10,,Interval,G,463,101,"463, 101",-463,,520495.1582,3705068.209
181,2/28/2020 10:13,2/28/2020 10:43,2/28/2020 10:43,2/28/2020,10:43:44,2020,2,10,,Interval,L,304,101,"304, 101",-304,,520547.9389,3705068.254
183,2/28/2020 12:19,2/28/2020 12:49,2/28/2020 12:29,2/28/2020,12:29:16,2020,2,12,,Interval,B,111,186,"111, 186",-111,,520611.9818,3705096.525
183,2/28/2020 12:19,2/28/2020 12:49,2/28/2020 12:29,2/28/2020,12:29:16,2020,2,12,,Interval,G,509,144,"509, 144",-509,,520479.8761,3705082.47
183,2/28/2020 12:19,2/28/2020 12:49,2/28/2020 12:29,2/28/2020,12:29:16,2020,2,12,,Interval,L,209,218,"209, 218",-209,,520579.4412,3705107.12
183,2/28/2020 12:19,2/28/2020 12:49,2/28/2020 12:39,2/28/2020,12:39:16,2020,2,12,,Interval,B,225,270,"225, 270",-225,,520574.1151,3705124.377
183,2/28/2020 12:19,2/28/2020 12:49,2/28/2020 12:39,2/28/2020,12:39:16,2020,2,12,,Interval,G,267,232,"267, 232",-267,,520560.1839,3705111.751
183,2/28/2020 12:19,2/28/2020 12:49,2/28/2020 12:39,2/28/2020,12:39:16,2020,2,12,,Interval,L,250,224,"250, 224",-250,,520565.8294,3705109.1
183,2/28/2020 12:19,2/28/2020 12:49,2/28/2020 12:49,2/28/2020,12:49:16,2020,2,12,,Interval,B,230,275,"230, 275",-230,,520572.4539,3705126.035
183,2/28/2020 12:19,2/28/2020 12:49,2/28/2020 12:49,2/28/2020,12:49:16,2020,2,12,,Interval,G,272,255,"272, 255",-272,,520558.5176,3705119.384
183,2/28/2020 12:19,2/28/2020 12:49,2/28/2020 12:49,2/28/2020,12:49:16,2020,2,12,,Interval,L,249,206,"249, 206",-249,,520566.1665,3705103.125
185,2/28/2020 12:50,2/28/2020 13:01,2/28/2020 13:00,2/28/2020,13:00:03,2020,2,13,1 interval session,Interval,B,245,269,"245, 269",-245,,520567.4763,3705124.039
185,2/28/2020 12:50,2/28/2020 13:01,2/28/2020 13:00,2/28/2020,13:00:03,2020,2,13,1 interval session,Interval,G,376,255,"376, 255",-376,,520523.9943,3705119.354
185,2/28/2020 12:50,2/28/2020 13:01,2/28/2020 13:00,2/28/2020,13:00:03,2020,2,13,1 interval session,Interval,L,354,269,"354, 269",-354,,520531.2933,3705124.008
186,2/28/2020 13:12,2/28/2020 13:42,2/28/2020 13:22,2/28/2020,13:22:48,2020,2,13,,Interval,B,542,188,"542, 188",-542,,520468.9091,3705097.066
186,2/28/2020 13:12,2/28/2020 13:42,2/28/2020 13:22,2/28/2020,13:22:48,2020,2,13,,Interval,G,481,211,"481, 211",-481,,520489.1517,3705104.719
186,2/28/2020 13:12,2/28/2020 13:42,2/28/2020 13:22,2/28/2020,13:22:48,2020,2,13,,Interval,L,549,150,"549, 150",-549,,520466.5962,3705084.45
186,2/28/2020 13:12,2/28/2020 13:42,2/28/2020 13:32,2/28/2020,13:32:48,2020,2,13,,Interval,B,561,180,"561, 180",-561,,520462.6042,3705094.405
186,2/28/2020 13:12,2/28/2020 13:42,2/28/2020 13:32,2/28/2020,13:32:48,2020,2,13,,Interval,G,355,113,"355, 113",-355,,520531.0059,3705072.223
186,2/28/2020 13:12,2/28/2020 13:42,2/28/2020 13:32,2/28/2020,13:32:48,2020,2,13,,Interval,L,191,99,"191, 99",-191,,520585.4503,3705067.622
186,2/28/2020 13:12,2/28/2020 13:42,2/28/2020 13:42,2/28/2020,13:42:48,2020,2,13,,Interval,B,539,185,"539, 185",-539,,520469.9058,3705096.071
186,2/28/2020 13:12,2/28/2020 13:42,2/28/2020 13:42,2/28/2020,13:42:48,2020,2,13,,Interval,G,337,256,"337, 256",-337,,520536.9403,3705119.697
186,2/28/2020 13:12,2/28/2020 13:42,2/28/2020 13:42,2/28/2020,13:42:48,2020,2,13,,Interval,L,194,259,"194, 259",-194,,520584.4088,3705120.734
188,2/28/2020 13:44,2/28/2020 14:14,2/28/2020 13:54,2/28/2020,13:54:05,2020,2,13,,Interval,B,430,185,"430, 185",-430,,520506.0888,3705096.102
188,2/28/2020 13:44,2/28/2020 14:14,2/28/2020 13:54,2/28/2020,13:54:05,2020,2,13,,Interval,G,532,186,"532, 186",-532,,520472.2292,3705096.405
188,2/28/2020 13:44,2/28/2020 14:14,2/28/2020 13:54,2/28/2020,13:54:05,2020,2,13,,Interval,L,347,234,"347, 234",-347,,520533.627,3705112.392
188,2/28/2020 13:44,2/28/2020 14:14,2/28/2020 14:04,2/28/2020,14:04:05,2020,2,14,,Interval,B,391,182,"391, 182",-391,,520519.0358,3705095.117
188,2/28/2020 13:44,2/28/2020 14:14,2/28/2020 14:04,2/28/2020,14:04:05,2020,2,14,,Interval,G,232,184,"232, 184",-232,,520571.816,3705095.827
188,2/28/2020 13:44,2/28/2020 14:14,2/28/2020 14:04,2/28/2020,14:04:05,2020,2,14,,Interval,L,174,187,"174, 187",-174,,520591.0684,3705096.839
188,2/28/2020 13:44,2/28/2020 14:14,2/28/2020 14:14,2/28/2020,14:14:05,2020,2,14,,Interval,B,169,74,"169, 74",-169,,520592.7604,3705059.33
188,2/28/2020 13:44,2/28/2020 14:14,2/28/2020 14:14,2/28/2020,14:14:05,2020,2,14,,Interval,G,17,151,"17, 151",-17,,520643.1955,3705084.934
188,2/28/2020 13:44,2/28/2020 14:14,2/28/2020 14:14,2/28/2020,14:14:05,2020,2,14,,Interval,L,23,171,"23, 171",-23,,520641.1981,3705091.571
190,2/28/2020 14:15,2/28/2020 14:25,2/28/2020 14:25,2/28/2020,14:25:07,2020,2,14,,Interval,B,14,155,"14, 155",-14,,520644.1902,3705086.262
190,2/28/2020 14:15,2/28/2020 14:25,2/28/2020 14:25,2/28/2020,14:25:07,2020,2,14,,Interval,G,21,92,"21, 92",-21,,520641.8845,3705065.347
190,2/28/2020 14:15,2/28/2020 14:25,2/28/2020 14:25,2/28/2020,14:25:07,2020,2,14,,Interval,L,14,76,"14, 76",-14,,520644.2127,3705060.038
191,2/28/2020 14:27,2/28/2020 14:57,2/28/2020 14:37,2/28/2020,14:37:38,2020,2,14,,Interval,B,486,194,"486, 194",-486,,520487.4968,3705099.074
191,2/28/2020 14:27,2/28/2020 14:57,2/28/2020 14:37,2/28/2020,14:37:38,2020,2,14,,Interval,G,554,185,"554, 185",-554,,520464.9265,3705096.067
191,2/28/2020 14:27,2/28/2020 14:57,2/28/2020 14:37,2/28/2020,14:37:38,2020,2,14,,Interval,L,279,268,"279, 268",-279,,520556.1902,3705123.697
191,2/28/2020 14:27,2/28/2020 14:57,2/28/2020 14:47,2/28/2020,14:47:38,2020,2,14,,Interval,B,433,213,"433, 213",-433,,520505.0849,3705105.396
191,2/28/2020 14:27,2/28/2020 14:57,2/28/2020 14:47,2/28/2020,14:47:38,2020,2,14,,Interval,G,352,271,"352, 271",-352,,520531.9567,3705124.673
191,2/28/2020 14:27,2/28/2020 14:57,2/28/2020 14:47,2/28/2020,14:47:38,2020,2,14,,Interval,L,16,156,"16, 156",-16,,520643.526,3705086.594
191,2/28/2020 14:27,2/28/2020 14:57,2/28/2020 14:57,2/28/2020,14:57:38,2020,2,14,,Interval,B,29,126,"29, 126",-29,,520639.2192,3705076.631
191,2/28/2020 14:27,2/28/2020 14:57,2/28/2020 14:57,2/28/2020,14:57:38,2020,2,14,,Interval,G,17,121,"17, 121",-17,,520643.204,3705074.975
191,2/28/2020 14:27,2/28/2020 14:57,2/28/2020 14:57,2/28/2020,14:57:38,2020,2,14,,Interval,L,16,132,"16, 132",-16,,520643.5329,3705078.627
193,2/28/2020 14:58,2/28/2020 15:22,2/28/2020 15:08,2/28/2020,15:08:43,2020,2,15,2 interval session,Interval,B,19,152,"19, 152",-19,,520642.5313,3705085.265
193,2/28/2020 14:58,2/28/2020 15:22,2/28/2020 15:08,2/28/2020,15:08:43,2020,2,15,2 interval session,Interval,G,26,141,"26, 141",-26,,520640.2107,3705081.611
193,2/28/2020 14:58,2/28/2020 15:22,2/28/2020 15:08,2/28/2020,15:08:43,2020,2,15,2 interval session,Interval,L,36,153,"36, 153",-36,,520636.8878,3705085.592
193,2/28/2020 14:58,2/28/2020 15:22,2/28/2020 15:18,2/28/2020,15:18:43,2020,2,15,2 interval session,Interval,B,16,154,"16, 154",-16,,520643.5266,3705085.93
193,2/28/2020 14:58,2/28/2020 15:22,2/28/2020 15:18,2/28/2020,15:18:43,2020,2,15,2 interval session,Interval,G,29,159,"29, 159",-29,,520639.2098,3705087.586
193,2/28/2020 14:58,2/28/2020 15:22,2/28/2020 15:18,2/28/2020,15:18:43,2020,2,15,2 interval session,Interval,L,24,146,"24, 146",-24,,520640.8732,3705083.272
