Focal_Shar,ArcLongUTM,ArcLatUTM,DepthM,LongUTM,LatUTM
1205,630170.6587,4833426.825,3.047851,170.65873,426.82479
1205,630161.8554,4833419.102,3.047851,161.855408,419.10164
1205,630156.9407,4833417.78,3.047851,156.940664,417.77972
1205,630157.2364,4833417.944,3.047851,157.236423,417.94428
1205,630165.7723,4833441.831,3.047851,165.772327,441.83143
1205,630167.056,4833430.106,4.571777,167.05602,430.10601
1205,630161.4317,4833419.413,3.047851,161.431721,419.41271
1205,630180.2203,4833431.097,4.571777,180.220331,431.09669
1205,630165.7369,4833421.421,3.047851,165.736901,421.42073
1205,630169.9633,4833437.943,3.047851,169.96328,437.94339
1205,630179.2434,4833437.889,3.047851,179.243359,437.88932
1205,630160.0119,4833423.111,4.571777,160.011945,423.11107
1205,630152.7764,4833431.366,3.047851,152.776447,431.36551
1205,630157.0544,4833421.466,4.571777,157.054356,421.46551
1205,630160.5565,4833418.242,3.047851,160.556475,418.24224
1205,630158.4621,4833418.444,3.047851,158.462101,418.44396
1205,630157.7104,4833423.767,4.571777,157.710373,423.76708
1205,630158.0324,4833419.093,4.571777,158.032399,419.09342
1205,630158.0383,4833431.081,3.047851,158.038348,431.08072
1205,630166.1397,4833435.725,3.047851,166.139736,435.7249
1205,630160.3433,4833419.035,3.047851,160.343261,419.03494
1205,630156.7613,4833420.027,4.571777,156.761337,420.02662
1205,630159.8463,4833418.986,4.571777,159.84632,418.98628
1205,630160.6724,4833418.443,4.571777,160.672372,418.44342
1205,630158.2183,4833418.718,4.571777,158.218276,418.7184
1205,630158.1543,4833418.956,4.571777,158.154311,418.95621
1205,630159.3073,4833421.306,4.571777,159.30727,421.30644
1205,630157.1304,4833420.551,4.571777,157.130351,420.5509
1205,630158.783,4833421.675,4.571777,158.782991,421.67545
1205,630155.423,4833420.262,4.571777,155.423037,420.26169
1205,630158.953,4833418.831,4.571777,158.953027,418.83102
1205,630153.8568,4833423.241,4.571777,153.856752,423.2406
1205,630156.3327,4833425.097,4.571777,156.332705,425.09663
1205,630158.1543,4833418.956,4.571777,158.154311,418.95621
1205,630157.758,4833418.85,4.571777,157.757961,418.8496
1205,630155.2191,4833421.652,4.571777,155.219114,421.65192
1205,630175.8446,4833439.78,3.047851,175.844571,439.7803
1205,630175.5374,4833430.177,4.571777,175.537382,430.17713
1205,630162.1878,4833419.446,3.047851,162.187794,419.44606
1205,630155.0972,4833421.789,4.571777,155.097201,421.78914
1205,630166.4836,4833433.182,4.571777,166.483618,433.18224
1205,630160.8554,4833431.668,3.047851,160.855443,431.66842
1205,630175.1787,4833434.671,3.047851,175.178729,434.67093
1205,630157.5474,4833430.694,3.047851,157.547422,430.69366
1205,630167.2523,4833434.749,3.047851,167.252257,434.74906
1205,630166.5389,4833422.231,3.047851,166.538892,422.23147
1205,630157.7322,4833425.898,4.571777,157.732229,425.89808
1205,630171.951,4833438.138,3.047851,171.951047,438.13802
1205,630180.5374,4833431.182,3.047851,180.537412,431.18197
1205,630160.4203,4833422.541,4.571777,160.420326,422.54087
1205,630160.0501,4833442.247,4.571777,160.050112,442.24743
1205,630179.9869,4833436.389,3.047851,179.986866,436.3892
1205,630165.5717,4833431.832,4.571777,165.571745,431.83191
1205,630160.6827,4833435.787,3.047851,160.682667,435.78719
1205,630174.8075,4833437.631,3.047851,174.80751,437.63125
1205,630159.6566,4833428.541,4.571777,159.656567,428.5408
1205,630152.9049,4833433.1,3.047851,152.90491,433.10016
1205,630170.0737,4833440.693,3.047851,170.073697,440.69325
1205,630180.2881,4833434.005,3.047851,180.288106,434.00508
1205,630160.7259,4833425.513,4.571777,160.725911,425.51323
1205,630161.9773,4833418.964,4.571777,161.977321,418.96443
1205,630158.2926,4833423.499,4.571777,158.2926,423.49866
1205,630158.0668,4833422.758,4.571777,158.066821,422.75789
1205,630161.4142,4833422.638,4.571777,161.41421,422.63819
1205,630152.5917,4833423.835,4.571777,152.591706,423.83539
1205,630158.9207,4833424.008,4.571777,158.920745,424.00763
1205,630156.6547,4833420.423,4.571777,156.654731,420.42297
1205,630151.9794,4833425.796,3.047851,151.979401,425.79582
1205,630154.2624,4833423.945,4.571777,154.262392,423.94474
1205,630157.4562,4833419.023,4.571777,157.456187,419.02344
1205,630154.8867,4833421.308,4.571777,154.886727,421.30751
1205,630159.9316,4833418.669,4.571777,159.931605,418.6692
1205,630156.6422,4833418.89,4.571777,156.642165,418.8895
1205,630157.4043,4833418.584,4.571777,157.404253,418.58445
1205,630156.6405,4833424.584,4.571777,156.640494,424.58438
1205,630155.5761,4833422.853,4.571777,155.576096,422.853
1205,630158.7393,4833417.413,4.571777,158.739279,417.41345
1205,630156.0577,4833422.643,4.571777,156.057732,422.64253
1205,630160.2026,4833442.628,4.571777,160.202636,442.62848
1205,630156.5842,4833418.789,4.571777,156.584216,418.78891
1205,630157.4698,4833424.977,4.571777,157.469822,424.97746
1205,630175.0979,4833428.019,3.047851,175.097854,428.01879
1205,630165.8894,4833421.802,3.047851,165.889426,421.80177
1205,630157.0368,4833424.691,4.571777,157.036845,424.69099
1205,630154.7637,4833429.35,3.047851,154.763679,429.34987
1205,630158.9284,4833417.974,3.047851,158.928431,417.97435
1205,630177.7247,4833435.951,4.571777,177.724662,435.95074
1205,630157.6328,4833418.051,3.047851,157.632773,418.05088
1205,630158.3593,4833421.987,4.571777,158.359304,421.98651
1205,630153.8901,4833422.485,4.571777,153.890104,422.48453
1205,630155.476,4833425.121,4.571777,155.47604,425.12122
1205,630157.7224,4833423.09,4.571777,157.722404,423.09028
1205,630159.9469,4833418.928,4.571777,159.946911,418.92833
1205,630156.7581,4833419.091,4.571777,156.758062,419.09068
1205,630156.5667,4833422.014,4.571777,156.566705,422.01439
1205,630158.0061,4833423.932,4.571777,158.006132,423.93164
1205,630155.3804,4833420.42,4.571777,155.380394,420.42023
1205,630159.444,4833419.218,4.571777,159.443954,419.21808
1205,630173.7852,4833445.857,4.571777,173.785154,445.85676
1205,630176.464,4833429.576,4.571777,176.464026,429.57632
1205,630158.8065,4833418.112,4.571777,158.806518,418.11157
1205,630156.3437,4833419.999,4.571777,156.343666,419.99928
1205,630160.0289,4833417.675,4.571777,160.028921,417.67532
1205,630158.1724,4833417.941,4.571777,158.172358,417.941
1205,630159.9896,4833418.77,4.571777,159.989554,418.76979
1205,630173.0177,4833436.385,3.047851,173.017651,436.38479
1205,630171.3957,4833423.453,3.047851,171.395688,423.45281
1205,630158.7546,4833417.673,4.571777,158.754585,417.67258
1205,630157.0095,4833425.109,4.571777,157.009508,425.10866
1205,630159.3795,4833417.246,3.047851,159.379455,417.24562
1205,630157.1505,4833428.377,4.571777,157.150537,428.37678
1205,630161.3551,4833442.768,4.571777,161.35506,442.76844
1205,630175.8146,4833429.147,4.571777,175.81456,429.14662
1205,630158.1963,4833441.239,4.571777,158.196288,441.23878
1205,630157.3337,4833429.276,4.571777,157.333673,429.27608
1205,630155.6521,4833421.938,4.571777,155.652091,421.93839
1205,630158.209,4833418.121,4.571777,158.208985,418.12086
1205,630154.1492,4833422.469,4.571777,154.149235,422.46922
1205,630159.386,4833419.117,4.571777,159.386005,419.11749
1205,630159.029,4833417.916,4.571777,159.029022,417.9164
1205,630157.9176,4833423.313,4.571777,157.917571,423.31278
1205,630157.2397,4833418.88,4.571777,157.239698,418.88021
1205,630155.1705,4833422.149,4.571777,155.170456,422.14886
1205,630159.2668,4833417.98,4.571777,159.266833,417.98037
1205,630156.4749,4833420.46,4.571777,156.474869,420.4596
1205,630155.5247,4833424.624,4.571777,155.524698,424.62428
1205,630161.0446,4833432.229,3.047851,161.044596,432.22933
1205,630177.1135,4833430.006,4.571777,177.113493,430.00602
1205,630157.1664,4833418.52,4.571777,157.166443,418.52049
1205,630158.0548,4833423.435,4.571777,158.05479,423.4347
1205,630170.2071,4833437.669,3.047851,170.207106,437.66895
1205,630169.0876,4833422.237,4.571777,169.087565,422.23696
1205,630154.7741,4833422.042,4.571777,154.774105,422.04226
1205,630156.1037,4833423.42,4.571777,156.10365,423.41993
1205,630170.6466,4833439.827,3.047851,170.646634,439.82729
1205,630156.429,4833419.682,4.571777,156.428951,419.6822
1205,630155.9303,4833425.328,4.571777,155.930339,425.32842
1205,630153.637,4833422.161,4.571777,153.636988,422.16143
1205,630167.999,4833434.185,3.047851,167.99904,434.18488
1205,630178.9919,4833431.871,4.571777,178.991913,431.87134
1205,630162.4743,4833419.013,3.047851,162.474263,419.01308
1205,630155.0573,4833420.673,4.571777,155.057298,420.67334
1205,630157.0822,4833423.258,4.571777,157.082228,423.25811
1205,630155.1612,4833421.551,4.571777,155.161165,421.55133
1205,630157.1391,4833418.938,4.571777,157.139107,418.93816
1205,630175.6461,4833438.622,3.047851,175.646129,438.62186
1205,630163.8372,4833419.635,3.047851,163.83716,419.63468
1205,630156.7569,4833426.996,3.047851,156.756927,426.99583
1205,630159.5204,4833432.839,3.047851,159.520418,432.83943
1205,630178.039,4833437.31,3.047851,178.039002,437.31036
1205,630163.1789,4833433.143,3.047851,163.178872,433.14341
1205,630159.6397,4833421.651,4.571777,159.639656,421.65085
1205,630156.7225,4833423.331,4.571777,156.722505,423.33136
1205,630161.319,4833432.473,3.047851,161.319033,432.47315
1205,630158.9957,4833418.672,3.047851,158.99567,418.67248
1205,630178.0434,4833430.341,4.571777,178.043412,430.34115
1205,630160.8889,4833418.587,3.047851,160.888861,418.58666
1205,630154.1979,4833421.972,4.571777,154.197893,421.97228
1205,630158.4932,4833421.172,4.571777,158.493248,421.17249
1205,630154.387,4833422.533,4.571777,154.387045,422.53318
1205,630158.1647,4833423.974,4.571777,158.164672,423.97428
1205,630157.1019,4833428.874,3.047851,157.101879,428.87372
1205,630180.4002,4833431.06,3.047851,180.400193,431.06006
1205,630166.6668,4833421.756,3.047851,166.66682,421.75585
1205,630156.8482,4833426.34,3.047851,156.848228,426.34035
1205,630158.3675,4833418.164,4.571777,158.367525,418.1635
1205,630154.9375,4833429.652,4.571777,154.937525,429.65165
1205,630168.0144,4833422.118,3.047851,168.014412,422.11832
1205,630157.6054,4833418.469,3.047851,157.605436,418.46855
1205,630156.787,4833425.304,4.571777,156.787004,425.30383
1205,630175.5751,4833434.778,4.571777,175.575079,434.77753
1205,630160.8309,4833418.486,3.047851,160.830913,418.48607
1205,630155.2011,4833422.667,4.571777,155.201067,422.66713
1205,630155.0546,4833421.948,4.571777,155.054558,421.94768
1205,630163.1511,4833419.025,4.571777,163.151066,419.02511
1205,630168.5786,4833422.865,4.571777,168.578593,422.8651
1205,630156.9505,4833420.588,4.571777,156.950489,420.58752
1205,630158.2242,4833443.031,4.571777,158.22416,443.03138
1205,630175.0316,4833444.067,4.571777,175.031619,444.0669
1205,630167.1638,4833421.805,3.047851,167.163762,421.80451
1205,630163.3402,4833419.586,3.047851,163.340218,419.58602
1205,630154.9365,4833425.231,4.571777,154.936455,425.23111
1205,630157.0019,4833418.816,4.571777,157.001888,418.81625
1205,630155.9577,4833424.911,4.571777,155.957676,424.91075
1205,630159.146,4833422.538,4.571777,159.14599,422.53813
1205,630161.7313,4833422.723,4.571777,161.73129,422.72347
1205,630152.9448,4833434.216,4.571777,152.944813,434.21596
1205,630165.3623,4833435.771,3.047851,165.362341,435.77082
1205,630176.6592,4833429.799,4.571777,176.659194,429.79882
1205,630162.0899,4833418.23,4.571777,162.089943,418.22967
1205,630157.0112,4833419.414,4.571777,157.011178,419.41378
1205,630157.1221,4833424.374,4.571777,157.12213,424.37391
1205,630153.5309,4833424.768,4.571777,153.530916,424.76805
1205,630157.8837,4833421.859,4.571777,157.883684,421.85859
1205,630154.2383,4833425.298,4.571777,154.238331,425.29835
1205,630162.9547,4833439.033,4.571777,162.954697,439.03345
1205,630175.6467,4833440.832,4.571777,175.646664,440.83213
1205,630174.6009,4833427.97,4.571777,174.600912,427.97013
1205,630161.3858,4833418.635,3.047851,161.385803,418.63531
1205,630157.7126,4833420.282,4.571777,157.712578,420.28247
1205,630157.969,4833421.542,4.571777,157.968969,421.54151
1205,630157.9591,4833418.734,3.047851,157.959144,418.7337
1205,630156.5027,4833422.252,4.571777,156.502741,422.2522
1205,630160.2153,4833419.511,4.571777,160.215333,419.51056
1205,630157.5934,4833419.145,3.047851,157.593406,419.14536
1205,630156.8893,4833419.551,3.047851,156.889266,419.551
1205,630157.7831,4833421.917,4.571777,157.783093,421.91653
1205,630157.3255,4833420.773,4.571777,157.325518,420.7734
1205,630154.7413,4833425.009,3.047851,154.741288,425.0086
1205,630160.8708,4833419.602,4.571777,160.870815,419.60186
1205,630156.05,4833428.676,3.047851,156.050046,428.67581
1205,630162.1429,4833435.415,3.047851,162.142881,435.4149
1205,630158.7212,4833418.429,3.047851,158.721233,418.42865
1205,630157.4474,4833420.636,4.571777,157.447431,420.63618
1205,630153.6523,4833422.421,4.571777,153.652293,422.42056
1205,630156.8597,4833423.453,4.571777,156.859723,423.45328
1205,630157.7071,4833422.831,4.571777,157.707098,422.83115
1205,630155.7133,4833422.975,4.571777,155.713315,422.97492
1205,630157.3102,4833420.514,4.571777,157.310212,420.51427
1205,630158.1472,4833427.2,3.047851,158.147161,427.19976
1205,630159.8157,4833418.468,3.047851,159.815708,418.46802
1205,630153.4117,4833423.631,4.571777,153.411743,423.63093
1205,630155.0491,4833424.496,4.571777,155.049078,424.49635
1205,630157.1642,4833422.005,4.571777,157.164238,422.0051
1205,630157.313,4833419.24,3.047851,157.312953,419.23993
1205,630156.061,4833423.578,4.571777,156.061007,423.57847
1205,630156.1911,4833431.944,3.047851,156.191075,431.94393
1205,630158.21,4833434.867,3.047851,158.209989,434.8671
1205,630173.7677,4833436.757,3.047851,173.767709,436.75654
1205,630171.9298,4833425.892,3.047851,171.929792,425.8916
1205,630159.6997,4833442.918,4.571777,159.699679,442.91822
1205,630167.9658,4833422.615,3.047851,167.965753,422.61526
1205,630158.5047,4833418.285,3.047851,158.504744,418.28542
1205,630156.9385,4833421.264,4.571777,156.938459,421.26433
1205,630154.5336,4833423.253,3.047851,154.533555,423.25263
1205,630155.4881,4833424.444,4.571777,155.488071,424.44442
1205,630157.2643,4833419.737,4.571777,157.264294,419.73688
1205,630156.6043,4833438.94,4.571777,156.604336,438.94048
1205,630174.2876,4833431.031,4.571777,174.287642,431.03105
1205,630158.6999,4833418.508,3.047851,158.699911,418.50792
1205,630158.7753,4833427.709,4.571777,158.775306,427.70873
1205,630168.1767,4833437.633,3.047851,168.176696,437.63286
1205,630156.9204,4833422.28,4.571777,156.920412,422.27953
1205,630157.0975,4833423.517,4.571777,157.097534,423.51724
1205,630158.3681,4833420.374,4.571777,158.36806,420.37378
1205,630159.7769,4833421.773,4.571777,159.776875,421.77277
1205,630159.2362,4833417.462,3.047851,159.236221,417.4621
1205,630154.4937,4833422.137,4.571777,154.493652,422.13683
1205,630158.8677,4833419.148,3.047851,158.867742,419.1481
1205,630157.2003,4833432.3,3.047851,157.200265,432.30038
1205,630159.081,4833418.355,3.047851,159.080956,418.3554
1205,630154.5975,4833423.015,4.571777,154.597519,423.01482
1205,630159.9376,4833418.331,3.047851,159.93762,418.3308
1205,630158.2975,4833418.74,3.047851,158.297546,418.73972
1205,630156.5908,4833420.661,4.571777,156.590766,420.66078
1205,630160.2711,4833423.096,3.047851,160.271077,423.09576
1205,630152.2161,4833433.765,3.047851,152.216076,433.76494
1205,630171.3387,4833440.098,3.047851,171.338743,440.09845
1205,630174.8294,4833427.437,4.571777,174.829432,427.43656
1205,630163.1084,4833419.184,3.047851,163.108423,419.18365
1205,630162.7607,4833430.906,3.047851,162.760665,430.9058
1205,630168.1155,4833424.271,4.571777,168.115538,424.27064
1205,630159.0689,4833419.032,3.047851,159.068925,419.0322
1205,630153.6862,4833423.875,4.571777,153.686181,423.87476
1205,630157.3649,4833419.679,3.047851,157.364886,419.67893
1205,630154.2717,4833424.542,3.047851,154.271683,424.54227
1205,630155.7587,4833421.542,4.571777,155.758698,421.54204
1205,630166.4093,4833428.402,4.571777,166.409294,428.40197
1205,630161.0261,4833418.709,3.047851,161.02608,418.70857
1205,630156.7569,4833426.996,3.047851,156.756927,426.99583
1205,630163.8327,4833438.93,4.571777,163.832683,438.92959
1205,630166.6089,4833421.655,3.047851,166.608872,421.65526
1205,630159.023,4833418.255,4.571777,159.023007,418.25481
1205,630160.3706,4833418.617,3.047851,160.370598,418.61727
1205,630156.957,4833422.459,4.571777,156.95704,422.45939
1205,630156.2753,4833427.206,4.571777,156.275291,427.20631
1205,630162.5086,4833435.003,3.047851,162.508619,435.00325
1205,630165.9988,4833420.131,3.047851,165.998773,420.13109
1205,630162.9624,4833433,3.047851,162.962383,433.00017
1205,630169.4566,4833422.761,3.047851,169.456579,422.76123
1205,630158.8798,4833418.471,4.571777,158.879773,418.47129
1205,630156.2151,4833430.59,3.047851,156.215137,430.59032
1205,630173.735,4833427.397,3.047851,173.734957,427.3972
1205,630160.6784,4833418.105,3.047851,160.678388,418.10502
1205,630157.677,4833424.523,4.571777,157.677021,424.52316
1205,630153.3494,4833430.5,3.047851,153.349384,430.49956
1205,630172.7159,4833436.559,3.047851,172.715876,436.55864
1205,630168.1123,4833423.335,3.047851,168.112263,423.33471
1205,630154.4297,4833422.375,4.571777,154.429688,422.37464
1205,630158.5446,4833419.401,4.571777,158.544646,419.40121
1205,630156.857,4833424.728,4.571777,156.856983,424.72761
1205,630157.5994,4833418.807,4.571777,157.599421,418.80696
1205,630158.3582,4833417.566,3.047851,158.358235,417.56597
1205,630158.4112,4833422.426,4.571777,158.411238,422.42551
1205,630159.4839,4833420.334,4.571777,159.483856,420.33387
1205,630158.3036,4833418.401,3.047851,158.303561,418.40131
1205,630156.4666,4833424.283,4.571777,156.466648,424.28261
1205,630156.7154,4833419.249,4.571777,156.715419,419.24922
1205,630158.9415,4833421.718,4.571777,158.941532,421.71809
1205,630159.1023,4833418.276,4.571777,159.102277,418.27613
1205,630157.2982,4833421.191,4.571777,157.298182,421.19107
1205,630155.2924,4833422.012,4.571777,155.292368,422.01165
1205,630157.6175,4833417.792,4.571777,157.617467,417.79175
1205,630156.3344,4833419.402,4.571777,156.334375,419.40175
1205,630158.4167,4833419.877,4.571777,158.416718,419.87683
1205,630158.0597,4833418.676,3.047851,158.059735,418.67575
1205,630156.6269,4833418.63,4.571777,156.626859,418.63037
1205,630157.5994,4833418.807,4.571777,157.599421,418.80696
1205,630159.3215,4833417.145,4.571777,159.321506,417.14502
1205,630157.5573,4833421.176,4.571777,157.557313,421.17577
1205,630154.9387,4833421.747,4.571777,154.938661,421.7465
1205,630153.8261,4833422.722,4.571777,153.82614,422.72234
1205,630156.9532,4833419.313,4.571777,156.95323,419.31319
1205,630156.828,4833418.514,4.571777,156.828042,418.51447
1205,630157.4256,4833418.505,4.571777,157.425575,418.50518
1205,630158.8585,4833418.551,4.571777,158.858451,418.55056
1205,630156.9653,4833418.636,4.571777,156.96526,418.63638
1205,630154.1859,4833422.649,4.571777,154.185863,422.64908
1205,630171.2317,4833425.959,3.047851,171.231667,425.95884
1205,630166.4717,4833421.533,3.047851,166.471653,421.53335
1205,630158.1609,4833420.828,4.571777,158.160862,420.82807
1205,630163.7852,4833419.196,3.047851,163.785226,419.19569
1205,630156.3557,4833419.322,4.571777,156.355696,419.32248
1205,630154.8359,4833425.289,4.571777,154.835864,425.28905
1205,630154.0667,4833421.512,4.571777,154.06669,421.51196
1205,630169.2493,4833435.541,3.047851,169.249315,435.54123
1205,630175.9091,4833429.427,4.571777,175.909136,429.42707
1205,630158.1631,4833417.343,3.047851,158.163067,417.34347
1205,630156.1397,4833421.39,4.571777,156.139743,421.38952
1205,630159.9469,4833418.928,3.047851,159.946911,418.92833
1205,630157.8279,4833418.273,3.047851,157.827941,418.27339
1205,630155.4821,4833424.783,4.571777,155.482055,424.78282
1205,630155.6772,4833425.005,4.571777,155.677223,425.00533
1205,630159.0153,4833424.288,4.571777,159.015321,424.28809
1205,630169.9201,4833435.892,4.571777,169.920103,435.89166
1205,630163.4468,4833419.19,3.047851,163.446825,419.18967
1205,630157.0522,4833424.95,4.571777,157.052151,424.95012
1205,630158.8716,4833422.294,4.571777,158.871552,422.2943
1205,630157.0877,4833420.709,4.571777,157.087708,420.70944
1205,630158.9558,4833417.557,4.571777,158.955768,417.55668
1205,630175.3405,4833435.65,4.571777,175.340544,435.6495
1205,630155.4542,4833422.99,4.571777,155.454184,422.99022
1205,630162.6115,4833419.135,4.571777,162.611481,419.135
1205,630158.3828,4833418.423,3.047851,158.382831,418.42264
1205,630157.4043,4833418.584,4.571777,157.404253,418.58445
1205,630158.2609,4833418.56,4.571777,158.260918,418.55985
1205,630161.8888,4833418.346,4.571777,161.88876,418.34557
1205,630158.8858,4833418.133,4.571777,158.885788,418.13289
1205,630158.5627,4833418.386,4.571777,158.562693,418.38601
1205,630158.1877,4833418.2,3.047851,158.187664,418.20013
1205,630159.4041,4833418.102,3.047851,159.404051,418.10228
1205,630154.076,4833422.11,4.571777,154.075981,422.1095
1205,630153.5626,4833429.707,4.571777,153.562597,429.70686
1205,630169.6063,4833436.742,3.047851,169.606298,436.74231
1205,630164.2335,4833419.741,3.047851,164.23351,419.74129
1205,630153.8382,4833422.046,4.571777,153.83817,422.04553
1205,630168.4544,4833438.813,3.047851,168.454409,438.81262
1205,630174.6856,4833437.768,3.047851,174.685597,437.76847
1205,630158.3949,4833417.746,3.047851,158.394862,417.74583
1205,630156.3655,4833422.13,4.571777,156.365522,422.13028
1205,630156.5142,4833419.365,4.571777,156.514237,419.36512
1205,630158.3949,4833417.746,4.571777,158.394862,417.74583
1205,630155.47,4833425.46,4.571777,155.470025,425.45963
1205,630159.2368,4833419.672,4.571777,159.236756,419.67238
1205,630158.7333,4833417.752,4.571777,158.733263,417.75185
1205,630157.7394,4833417.655,4.571777,157.73938,417.65453
1205,630155.8237,4833425.725,4.571777,155.823732,425.72477
1205,630177.5076,4833433.597,3.047851,177.507638,433.59724
1205,630171.7467,4833424.992,3.047851,171.746655,424.99229
1205,630155.3935,4833424.164,4.571777,155.393495,424.16397
1205,630156.1277,4833422.066,4.571777,156.127712,422.06632
1205,630164.4773,4833419.467,3.047851,164.477336,419.46685
1205,630161.6794,4833422.284,4.571777,161.679357,422.28448
1205,630156.2561,4833436.127,4.571777,156.256109,436.12666
1205,630155.0879,4833421.192,4.571777,155.08791,421.19161
1205,630158.2128,4833421.267,4.571777,158.212795,421.26707
1205,630158.7792,4833418.529,3.047851,158.779181,418.52924
1205,630160.3585,4833431.62,4.571777,160.358502,431.61976
1205,630156.8165,4833421.402,4.571777,156.816546,421.40155
1205,630154.6161,4833424.21,4.571777,154.6161,424.20989
1205,630164.1782,4833430.692,4.571777,164.178236,430.69205
1205,630164.7577,4833431.698,3.047851,164.757723,431.69797
1205,630154.294,4833441.209,4.571777,154.294009,441.20924
1205,630176.4853,4833429.497,4.571777,176.485348,429.49705
1205,630159.392,4833418.779,3.047851,159.392021,418.77908
1205,630155.1163,4833425.194,3.047851,155.116317,425.19448
1205,630158.8552,4833417.615,3.047851,158.855176,417.61463
1205,630153.9726,4833423.442,4.571777,153.972649,423.44178
1205,630157.7334,4833417.993,3.047851,157.733365,417.99293
1205,630157.4562,4833419.023,4.571777,157.456187,419.02344
1205,630164.7151,4833419.531,4.571777,164.715146,419.53081
1205,630158.1887,4833422.621,4.571777,158.188733,422.62067
1205,630160.902,4833422.33,4.571777,160.901962,422.3304
1205,630167.7765,4833434.38,4.571777,167.776536,434.38005
1205,630168.466,4833423.6,3.047851,168.46597,423.59985
1205,630155.973,4833425.17,4.571777,155.972982,425.16988
1205,630158.8776,4833421.956,4.571777,158.877568,421.9559
1205,630155.1032,4833421.451,4.571777,155.103216,421.45074
1205,630158.9754,4833423.172,4.571777,158.975419,423.17229
1205,630163.4358,4833436.613,3.047851,163.435798,436.61271
1205,630153.8322,4833422.384,4.571777,153.832155,422.38393
1205,630174.2778,4833428.223,4.571777,174.277817,428.22325
1205,630160.1694,4833431.059,4.571777,160.16935,431.05886
1205,630174.5358,4833436.113,3.047851,174.535813,436.11309
1205,630164.5293,4833419.906,4.571777,164.529269,419.90584
1205,630179.5348,4833432.697,3.047851,179.534772,432.69739
1205,630171.3596,4833425.483,3.047851,171.359595,425.48322
1205,630162.5442,4833418.437,3.047851,162.544242,418.43687
1205,630154.872,4833423.259,4.571777,154.871956,423.25865
1205,630159.6604,4833431.687,3.047851,159.660377,431.687
1205,630165.5362,4833436.073,3.047851,165.536188,436.07259
1205,630179.397,4833430.365,3.047851,179.397019,430.36521
1205,630168.1948,4833424.292,3.047851,168.194808,424.29196
1205,630156.4262,4833420.957,4.571777,156.426211,420.95654
1205,630158.2516,4833417.962,4.571777,158.251628,417.96232
1205,630157.2763,4833419.06,4.571777,157.276325,419.06007
1205,630155.2442,4833424.719,4.571777,155.244245,424.71886
1205,630155.4017,4833420.341,4.571777,155.401715,420.34096
1205,630158.133,4833419.035,4.571777,158.13299,419.03548
1205,630157.0325,4833419.335,4.571777,157.0325,419.33451
1205,630157.4469,4833418.426,3.047851,157.446896,418.42591
1205,630158.1942,4833420.072,4.571777,158.194214,420.072
1205,630156.95,4833418.377,4.571777,156.949954,418.37725
1205,630155.2229,4833424.798,4.571777,155.222924,424.79813
1205,630163.6267,4833419.153,3.047851,163.626686,419.15304
1205,630155.7959,4833423.932,4.571777,155.79586,423.93217
1205,630157.2736,4833420.334,4.571777,157.273585,420.33441
1205,630180.2826,4833436.554,4.571777,180.282625,436.55376
1205,630154.668,4833424.649,4.571777,154.668033,424.64888
1205,630159.825,4833419.066,4.571777,159.824998,419.06555
1205,630166.073,4833437.237,4.571777,166.073032,437.23704
1205,630168.2156,4833422.002,3.047851,168.215594,422.00242
1205,630158.8218,4833418.371,3.047851,158.821824,418.3707
1205,630154.1864,4833424.859,3.047851,154.186398,424.85935
1205,630159.1203,4833417.261,3.047851,159.120323,417.26092
1205,630159.1602,4833418.377,4.571777,159.160226,418.37672
1205,630158.5905,4833432.504,4.571777,158.590499,432.5043
1205,630176.411,4833437.042,3.047851,176.410958,437.04248
1205,630162.6388,4833418.717,4.571777,162.638818,418.71733
1205,630156.5148,4833421.575,4.571777,156.514772,421.57539
1205,630158.3828,4833418.423,4.571777,158.382831,418.42264
1205,630153.5063,4833436.237,4.571777,153.506254,436.23708
1205,630176.7095,4833435.933,3.047851,176.709457,435.9327
1205,630162.9225,4833419.559,4.571777,162.922546,419.55868
1205,630155.8019,4833423.594,4.571777,155.801876,423.59377
1205,630155.8926,4833420.728,4.571777,155.892642,420.72802
1205,630155.9057,4833424.472,4.571777,155.905742,424.47176
1205,630158.6523,4833435.751,4.571777,158.652257,435.7511
1205,630177.4891,4833432.402,4.571777,177.489057,432.40217
1205,630160.1115,4833418.633,4.571777,160.111467,418.63257
1205,630158.3735,4833417.825,4.571777,158.37354,417.8251
1205,630155.9413,4833420.231,4.571777,155.9413,420.23108
1205,630157.5814,4833419.822,3.047851,157.581375,419.82216
1205,630155.3842,4833423.566,4.571777,155.384204,423.56643
1205,630161.6449,4833418.62,3.047851,161.644935,418.62001
1205,630159.3795,4833417.246,3.047851,159.379455,417.24562
1205,630157.5601,4833419.901,3.047851,157.560053,419.90143
1205,630159.5746,4833417.468,3.047851,159.574622,417.46812
1205,630157.5874,4833419.484,3.047851,157.58739,419.48376
1205,630159.6659,4833416.813,3.047851,159.665923,416.81264
1205,630159.0705,4833425.663,4.571777,159.07053,425.66301
1205,630154.1498,4833424.679,4.571777,154.14977,424.67949
1205,630157.1615,4833423.279,4.571777,157.161498,423.27943
1205,630152.5824,4833423.238,4.571777,152.582415,423.23786
1205,630155.8292,4833423.176,4.571777,155.829213,423.1761
1205,630153.5899,4833429.289,3.047851,153.589934,429.28919
1205,630170.8041,4833435.449,3.047851,170.804104,435.44939
1205,630158.9224,4833418.313,3.047851,158.922416,418.31275
1205,630155.7018,4833425.862,3.047851,155.701819,425.86199
1205,630166.3131,4833421.491,3.047851,166.313113,421.49071
1205,630156.8111,4833423.95,4.571777,156.811065,423.95022
1205,630152.3266,4833424.189,3.047851,152.326559,424.1891
1205,630155.1108,4833440.069,4.571777,155.110771,440.06884
1205,630178.7546,4833446.343,4.571777,178.754572,446.34334
1205,630160.7276,4833419.818,4.571777,160.727581,419.81835
1205,630155.8877,4833425.487,3.047851,155.887696,425.48696
1205,630153.2379,4833423.329,4.571777,153.237897,423.32916
1205,630153.0219,4833437.722,4.571777,153.021877,437.72189
1205,630175.3804,4833436.765,3.047851,175.380447,436.7653
1205,630159.3553,4833443.251,3.047851,159.355262,443.25061
1205,630159.2302,4833417.801,4.571777,159.230205,417.80051
1205,630157.8044,4833421.837,4.571777,157.804414,421.83726
1205,630155.9527,4833429.67,3.047851,155.95273,429.66969
1205,630159.3275,4833429.132,3.047851,159.327456,429.13232
1205,630158.4621,4833418.444,3.047851,158.462101,418.44396
1205,630156.8373,4833419.112,3.047851,156.837332,419.11201
1205,630154.1804,4833425.198,3.047851,154.180382,425.19775
1205,630159.1957,4833426.462,4.571777,159.195718,426.46173
1205,630160.0841,4833419.05,3.047851,160.08413,419.05025
1205,630156.424,4833424.441,4.571777,156.424006,424.44115
1205,630158.0718,4833417.999,3.047851,158.071766,417.99895
1205,630163.566,4833420.327,4.571777,163.565997,420.32679
1205,630164.017,4833419.598,4.571777,164.017021,419.59805
1205,630156.5968,4833420.322,4.571777,156.596782,420.32238
1205,630156.8587,4833419.033,3.047851,156.858654,419.03274
1205,630155.5706,4833425.402,4.571777,155.570616,425.40168
1205,630156.9199,4833420.069,4.571777,156.919877,420.06926
1205,630157.2938,4833428.16,4.571777,157.293771,428.16029
1205,630169.5451,4833423.38,3.047851,169.545139,423.38009
1205,630164.0323,4833419.857,3.047851,164.032327,419.85718
801,630156.7028,4833430.041,4.571777,156.702788,430.04145
801,630153.8233,4833436.322,4.571777,153.823334,436.32237
801,630162.9793,4833439.89,3.047851,162.979294,439.89012
801,630156.5869,4833429.84,3.047851,156.586891,429.84027
801,630154.5259,4833429.286,3.047851,154.525869,429.28591
801,630157.349,4833429.535,3.047851,157.348979,429.53522
801,630155.9948,4833439.627,4.571777,155.994772,439.62658
801,630162.3763,4833430.122,3.047851,162.376346,430.12239
801,630152.7431,4833432.122,4.571777,152.743095,432.12159
801,630169.4883,4833427.7,4.571777,169.488261,427.70004
801,630156.3873,4833436.587,4.571777,156.387313,436.58698
801,630176.0911,4833438.232,4.571777,176.091137,438.23153
801,630154.2279,4833432.606,4.571777,154.227905,432.60596
801,630173.9547,4833440.802,4.571777,173.954655,440.80206
801,630154.4411,4833431.813,3.047851,154.441118,431.81326
801,630173.7436,4833438.11,3.047851,173.743647,438.11015
801,630155.6635,4833431.377,3.047851,155.663522,431.37701
801,630172.2424,4833445.272,4.571777,172.242396,445.27179
801,630166.9325,4833423.612,3.047851,166.932502,423.61242
801,630158.233,4833429.093,4.571777,158.232981,429.09295
801,630164.6867,4833427.854,4.571777,164.686674,427.85363
801,630160.5608,4833435.924,4.571777,160.560754,435.92441
801,630159.4969,4833436.403,4.571777,159.496891,436.40331
801,630160.8943,4833428.364,4.571777,160.894276,428.36368
801,630162.4152,4833426.818,4.571777,162.415178,426.81764
801,630161.9855,4833427.467,4.571777,161.985476,427.46711
801,630158.2963,4833438.971,4.571777,158.296345,438.97056
801,630166.3704,4833444.032,4.571777,166.370395,444.03241
801,630153.5385,4833431.06,4.571777,153.538536,431.06046
801,630150.6214,4833432.741,3.047851,150.621384,432.74098
801,630153.2898,4833436.094,3.047851,153.289765,436.09385
801,630152.9924,4833429.298,3.047851,152.992401,429.29848
801,630155.2196,4833436.188,4.571777,155.219583,436.18789
801,630156.465,4833429.977,3.047851,156.464978,429.97748
801,630150.505,4833430.33,3.047851,150.504952,430.32952
801,630151.395,4833429.549,3.047851,151.394969,429.54885
801,630155.2803,4833435.014,3.047851,155.280272,435.01414
801,630154.0535,4833430.094,3.047851,154.053524,430.09392
801,630152.3566,4833434.823,3.047851,152.35657,434.82278
801,630150.798,4833431.768,4.571777,150.797971,431.76841
801,630151.1664,4833430.082,4.571777,151.166449,430.08242
801,630152.1521,4833434.003,4.571777,152.152112,434.00275
801,630151.7334,4833429.555,4.571777,151.73337,429.55487
801,630152.6977,4833433.554,4.571777,152.697712,433.55446
801,630151.5294,4833430.945,4.571777,151.529447,430.9451
801,630151.4474,4833432.198,4.571777,151.447437,432.19812
801,630152.0269,4833433.204,4.571777,152.026924,433.20403
801,630151.4841,4833432.378,4.571777,151.484064,432.37798
801,630153.9682,4833430.411,4.571777,153.968238,430.411
801,630158.3948,4833430.072,4.571777,158.394796,430.07153
801,630164.7643,4833433.57,4.571777,164.764273,433.56983
801,630162.6442,4833428.494,4.571777,162.644233,428.49435
801,630157.5173,4833432.386,4.571777,157.517345,432.38566
801,630163.8398,4833430.686,4.571777,163.839834,430.68604
801,630160.3274,4833428.891,4.571777,160.327355,428.89123
801,630159.9414,4833433.803,4.571777,159.941365,433.8027
801,630154.7003,4833431.798,4.571777,154.70025,431.79796
801,630161.4251,4833429.867,4.571777,161.425105,429.86653
801,630156.0697,4833434.291,4.571777,156.069697,434.29142
801,630167.5671,4833438.319,4.571777,167.567132,438.31895
801,630171.8083,4833440.565,4.571777,171.808348,440.56478
801,630167.0811,4833445.499,3.047851,167.081086,445.49864
801,630170.0108,4833445.352,4.571777,170.010803,445.3516
801,630164.6472,4833441.274,4.571777,164.64724,441.2738
801,630170.2935,4833441.772,4.571777,170.293461,441.77241
801,630158.1564,4833440.123,3.047851,158.156386,440.12298
801,630163.4533,4833433.387,4.571777,163.453309,433.38723
801,630151.77,4833429.735,3.047851,151.769998,429.73473
801,630154.7866,4833435.901,3.047851,154.786605,435.90142
801,630159.6697,4833432.285,3.047851,159.669668,432.28454
801,630155.7674,4833432.255,3.047851,155.767388,432.255
801,630155.8106,4833434.307,3.047851,155.810566,434.30673
801,630155.4957,4833430.737,3.047851,155.495691,430.73683
801,630150.957,4833434.021,3.047851,150.957046,434.02133
801,630158.1182,4833433.312,3.047851,158.118153,433.31231
801,630157.1155,4833434.828,3.047851,157.115514,434.82773
801,630160.1704,4833435.479,3.047851,160.17042,435.4794
801,630158.8655,4833434.958,3.047851,158.865471,434.9584
801,630159.1536,4833428.831,3.047851,159.15361,428.83054
801,630155.517,4833430.658,3.047851,155.517012,430.65756
801,630157.1188,4833435.764,3.047851,157.118789,435.76366
801,630152.5113,4833431.719,3.047851,152.5113,431.71922
801,630158.508,4833431.547,3.047851,158.507953,431.54705
801,630159.6451,4833431.428,3.047851,159.645071,431.42787
801,630162.9312,4833430.272,3.047851,162.931236,430.27164
801,630164.0388,4833434.055,3.047851,164.038812,434.05475
801,630163.7497,4833423.436,4.571777,163.749669,423.43637
801,630162.3681,4833433.945,3.047851,162.368125,433.9454
801,630155.2912,4833429.917,3.047851,155.291233,429.9168
801,630156.3163,4833432.743,3.047851,156.316263,432.74265
801,630154.0147,4833433.399,3.047851,154.014691,433.39866
801,630153.0815,4833432.128,3.047851,153.081497,432.1276
801,630154.0787,4833433.161,4.571777,154.078655,433.16085
801,630160.2803,4833436.019,3.047851,160.280302,436.01899
801,630162.0379,4833430.116,3.047851,162.037944,430.11637
801,630160.007,4833427.87,3.047851,160.006999,427.87001
801,630152.42,4833432.375,3.047851,152.419999,432.3747
801,630153.2253,4833434.121,3.047851,153.225266,434.12138
801,630151.2714,4833435.381,3.047851,151.271386,435.38095
801,630151.7033,4833431.247,3.047851,151.703293,431.24688
801,630156.9756,4833435.98,3.047851,156.975555,435.98015
801,630153.7643,4833431.801,3.047851,153.764315,431.80123
801,630160.2607,4833430.403,3.047851,160.260651,430.40338
801,630163.3527,4833433.445,4.571777,163.352718,433.44518
801,630166.043,4833426.603,4.571777,166.04302,426.60336
801,630163.3893,4833433.625,4.571777,163.389345,433.62504
801,630160.4503,4833433.175,3.047851,160.450338,433.17455
801,630159.3428,4833429.391,3.047851,159.342762,429.39145
801,630157.8229,4833435.358,3.047851,157.822929,435.35802
801,630151.3769,4833430.564,3.047851,151.376923,430.56406
801,630150.3229,4833433.851,4.571777,150.322885,433.85076
801,630155.8095,4833429.886,3.047851,155.809496,429.88618
801,630151.0232,4833430.299,3.047851,151.023215,430.29891
801,630153.9688,4833432.621,3.047851,153.968773,432.62127
801,630154.6511,4833430.085,3.047851,154.651057,430.08463
801,630151.2769,4833432.832,3.047851,151.276866,432.83228
801,630156.0812,4833431.404,3.047851,156.081193,431.40435
801,630150.371,4833431.144,3.047851,150.371008,431.14354
801,630159.0869,4833430.343,4.571777,159.086906,430.34269
801,630165.7456,4833432.134,4.571777,165.745591,432.13368
801,630158.093,4833442.571,4.571777,158.092956,442.57106
801,630171.9336,4833429.038,4.571777,171.933602,429.03781
801,630152.1111,4833428.466,3.047851,152.11114,428.46641
801,630173.6469,4833428.989,4.571777,173.646931,428.98861
801,630153.2225,4833435.396,4.571777,153.222525,435.39572
801,630171.1447,4833431.971,4.571777,171.144711,431.9708
801,630164.5156,4833426.278,4.571777,164.515568,426.27752
801,630163.1521,4833423.446,4.571777,163.152136,423.44566
801,630159.7845,4833428.065,4.571777,159.784495,428.06518
801,630160.178,4833441.772,4.571777,160.17804,441.77181
801,630167.8537,4833425.56,4.571777,167.853666,425.56028
801,630159.1295,4833442.51,4.571777,159.129483,442.50984
801,630161.5043,4833442.214,4.571777,161.504309,442.21355
801,630172.454,4833437.848,4.571777,172.454005,437.84828
801,630167.893,4833424.466,4.571777,167.893034,424.46581
801,630159.7511,4833441.147,4.571777,159.751077,441.14694
801,630171.6449,4833432.955,4.571777,171.644928,432.95539
801,630165.0726,4833435.268,4.571777,165.072598,435.26786
801,630161.2529,4833436.196,4.571777,161.252864,436.19557
801,630160.0048,4833431.355,4.571777,160.004794,431.35462
801,630158.6643,4833435.074,3.047851,158.664288,435.0743
801,630160.4684,4833432.159,3.047851,160.468384,432.15935
801,630154.2492,4833432.527,3.047851,154.249226,432.52669
801,630153.0028,4833434.317,3.047851,153.002761,434.31655
801,630157.5381,4833430.096,3.047851,157.538132,430.09612
801,630152.4266,4833434.247,3.047851,152.42655,434.24657
801,630153.3931,4833434.762,3.047851,153.393096,434.76156
801,630160.505,4833432.339,3.047851,160.505011,432.33921
801,630155.4055,4833435.813,3.047851,155.40546,435.81286
801,630156.0293,4833430.965,3.047851,156.02926,430.96535
801,630158.3489,4833429.294,3.047851,158.348878,429.29413
801,630162.0407,4833428.842,3.047851,162.040684,428.84204
801,630160.8615,4833431.33,3.047851,160.861459,431.33002
801,630152.3598,4833435.759,3.047851,152.359845,435.75872
801,630155.868,4833432.197,3.047851,155.86798,432.19705
801,630151.8842,4833435.631,3.047851,151.884225,435.63079
801,630153.0203,4833431.091,3.047851,153.020273,431.09108
801,630157.361,4833428.858,3.047851,157.36101,428.85841
801,630155.2743,4833435.353,3.047851,155.274257,435.35254
801,630160.2546,4833430.742,3.047851,160.254635,430.74178
801,630153.7971,4833428.835,3.047851,153.797132,428.83489
801,630153.2865,4833435.158,3.047851,153.28649,435.15791
801,630159.2919,4833433.373,3.047851,159.291898,433.373
801,630161.3606,4833427.894,3.047851,161.360606,427.89407
801,630166.7067,4833435.197,3.047851,166.706657,435.19734
801,630158.7528,4833435.693,3.047851,158.752849,435.69315
801,630153.7463,4833432.816,3.047851,153.746269,432.81644
801,630160.0179,4833435.098,4.571777,160.017895,435.09836
801,630177.4284,4833433.576,4.571777,177.428368,433.57592
801,630170.5067,4833440.98,3.047851,170.506675,440.97971
801,630168.204,4833437.215,3.047851,168.204033,437.21519
801,630169.7151,4833432.861,4.571777,169.71511,432.86135
801,630160.7418,4833427.983,4.571777,160.741751,427.98263
801,630155.4656,4833432.429,4.571777,155.465614,432.42884
801,630153.6058,4833431.759,3.047851,153.605775,431.75859
801,630158.7862,4833434.937,4.571777,158.786201,434.93708
801,630165.8309,4833431.817,4.571777,165.830877,431.8166
801,630168.1412,4833429.548,4.571777,168.141204,429.54785
801,630172.5546,4833437.79,4.571777,172.554596,437.79033
801,630169.3538,4833426.304,4.571777,169.353782,426.30379
801,630159.2624,4833437.275,4.571777,159.262356,437.27528
801,630168.2926,4833437.834,4.571777,168.292594,437.83404
801,630159.4865,4833431.385,3.047851,159.486531,431.38523
801,630159.5204,4833432.839,4.571777,159.520418,432.83943
801,630171.0414,4833433.303,4.571777,171.04138,433.30308
801,630167.0959,4833431.222,4.571777,167.095922,431.22181
801,630166.9969,4833437.911,4.571777,166.996936,437.91057
801,630157.7683,4833436.193,3.047851,157.768256,436.19337
801,630161.769,4833427.324,3.047851,161.768987,427.32388
801,630164.1269,4833420.138,4.571777,164.126903,420.13764
801,630153.5992,4833429.887,3.047851,153.599225,429.88672
801,630152.5545,4833433.771,3.047851,152.554478,433.77095
801,630158.2526,4833434.709,3.047851,158.252632,434.70856
801,630157.8322,4833435.956,3.047851,157.83222,435.95556
801,630158.7124,4833432.367,3.047851,158.712411,432.36708
801,630162.4518,4833426.998,3.047851,162.451806,426.9975
801,630154.9528,4833429.911,3.047851,154.952831,429.91078
801,630152.6119,4833431.661,3.047851,152.611892,431.66127
801,630151.6399,4833433.695,3.047851,151.639864,433.69496
801,630161.6301,4833432.897,3.047851,161.630098,432.89684
801,630159.6051,4833442.638,4.571777,159.605103,442.63777
801,630162.2949,4833433.586,3.047851,162.29487,433.58568
801,630152.9891,4833428.363,3.047851,152.989126,428.36254
801,630156.3993,4833435.91,3.047851,156.399343,435.91017
801,630159.0355,4833432.114,3.047851,159.035507,432.11397
801,630152.9437,4833429.795,3.047851,152.943743,429.79542
801,630160.6001,4833434.83,3.047851,160.600122,434.82994
801,630164.4308,4833441.131,4.571777,164.430752,441.13057
801,630159.3192,4833432.955,3.047851,159.319235,432.95533
801,630153.515,4833434.624,3.047851,153.515009,434.62434
801,630157.197,4833431.364,3.047851,157.19699,431.36444
801,630161.0489,4833437.586,4.571777,161.048941,437.58581
801,630167.3747,4833436.822,4.571777,167.374705,436.82211
801,630170.1294,4833444.278,4.571777,170.129441,444.27844
801,630154.8249,4833430.386,4.571777,154.824903,430.3864
801,630171.3399,4833432.193,4.571777,171.339879,432.1933
801,630159.626,4833428.023,4.571777,159.625955,428.02253
801,630153.4975,4833437.85,4.571777,153.497498,437.84982
801,630163.4304,4833426.836,4.571777,163.430383,426.83569
801,630152.0455,4833434.399,4.571777,152.045505,434.3991
801,630170.522,4833428.913,4.571777,170.522047,428.91315
801,630161.05,4833442.006,4.571777,161.05001,442.00635
801,630171.8636,4833429.614,4.571777,171.863622,429.61402
801,630152.4358,4833434.844,4.571777,152.43584,434.84411
801,630160.9134,4833431.769,3.047851,160.913392,431.76901
801,630164.0049,4833432.601,3.047851,164.004925,432.60055
801,630166.014,4833432.716,4.571777,166.014013,432.71591
801,630162.8394,4833428.717,4.571777,162.8394,428.71685
801,630164.386,4833432.448,4.571777,164.385969,432.44802
801,630157.4326,4833434.913,3.047851,157.432595,434.91302
801,630154.2591,4833435.335,3.047851,154.259052,435.3345
801,630153.1854,4833433.006,3.047851,153.185363,433.00559
801,630151.0576,4833433.963,3.047851,151.057637,433.96338
801,630154.2607,4833429.64,3.047851,154.260722,429.63962
801,630162.9487,4833427.046,4.571777,162.948748,427.04616
801,630170.6986,4833440.266,4.571777,170.698567,440.26628
801,630165.8599,4833425.704,4.571777,165.859884,425.70405
801,630168.1226,4833440.678,4.571777,168.122558,440.67847
801,630161.3666,4833427.556,4.571777,161.366621,427.55567
801,630160.4219,4833441.497,4.571777,160.421865,441.49738
801,630169.8879,4833428.743,4.571777,169.887886,428.74258
801,630158.6812,4833441.964,4.571777,158.681199,441.96424
801,630171.1622,4833428.745,4.571777,171.162222,428.74532
801,630159.1109,4833441.315,4.571777,159.110902,441.31477
801,630156.7011,4833435.736,3.047851,156.701118,435.73633
801,630158.7764,4833432.129,3.047851,158.776376,432.12927
801,630156.0571,4833432.758,3.047851,156.057132,432.75795
801,630153.3718,4833434.841,3.047851,153.371775,434.84083
801,630155.2644,4833432.545,3.047851,155.264431,432.54474
801,630151.3162,4833431.738,4.571777,151.316234,431.7378
801,630156.9903,4833434.029,3.047851,156.990326,434.02901
801,630167.8104,4833435.834,3.047851,167.810423,435.83424
801,630159.1016,4833440.717,4.571777,159.101611,440.71724
801,630159.404,4833430.428,3.047851,159.403986,430.42797
801,630163.4626,4833433.985,3.047851,163.4626,433.98477
801,630160.1869,4833427.833,3.047851,160.186861,427.83338
801,630155.3984,4833431.731,3.047851,155.398375,431.73072
801,630160.2191,4833434.982,3.047851,160.219078,434.98246
801,630161.3819,4833427.815,3.047851,161.381927,427.8148
801,630158.3221,4833431.922,3.047851,158.322077,431.92207
801,630164.17,4833434.515,3.047851,164.170015,434.51506
801,630155.5105,4833428.786,3.047851,155.510462,428.78569
801,630162.7815,4833428.616,3.047851,162.781452,428.61626
801,630163.438,4833433.128,3.047851,163.438004,433.1281
801,630158.8349,4833434.44,3.047851,158.834859,434.44014
801,630159.0749,4833431.019,3.047851,159.074875,431.01949
801,630153.5085,4833432.752,3.047851,153.508459,432.75247
801,630158.444,4833431.785,3.047851,158.443989,431.78486
801,630155.968,4833429.929,3.047851,155.968036,429.92883
801,630156.3775,4833433.779,3.047851,156.377487,433.77917
801,630154.352,4833428.984,3.047851,154.352023,428.98414
801,630154.3411,4833434.081,3.047851,154.341062,434.08148
801,630159.0749,4833431.019,3.047851,159.074875,431.01949
801,630159.9102,4833431.074,3.047851,159.910218,431.07416
801,630159.1323,4833428.91,4.571777,159.132288,428.90981
801,630158.2717,4833438.114,4.571777,158.271748,438.11389
801,630161.5612,4833437.894,4.571777,161.561188,437.8936
801,630166.2234,4833428.777,4.571777,166.223417,428.777
801,630164.2963,4833439.734,4.571777,164.296273,439.73432
801,630161.7383,4833439.131,4.571777,161.73831,439.13131
801,630156.0888,4833437.697,4.571777,156.088814,437.69676
801,630157.8858,4833430.7,4.571777,157.885824,430.69967
801,630157.2281,4833434.093,4.571777,157.228137,434.09298
801,630165.5953,4833428.268,4.571777,165.595272,428.26803
801,630167.7388,4833429.78,4.571777,167.738839,429.77964
801,630151.5814,4833431.384,3.047851,151.581381,431.38409
801,630170.7314,4833437.3,4.571777,170.731385,437.29994
801,630167.6716,4833429.082,4.571777,167.671599,429.08152
801,630153.076,4833434.676,4.571777,153.076016,434.67627
801,630170.1082,4833432.032,4.571777,170.108185,432.03202
801,630158.1384,4833428.813,4.571777,158.138405,428.8125
801,630151.5021,4833431.363,3.047851,151.502111,431.36277
801,630167.068,4833441.755,4.571777,167.067985,441.7549
801,630167.8148,4833428.865,4.571777,167.814833,428.86503
801,630165.0027,4833423.518,4.571777,165.002684,423.51838
801,630159.5374,4833427.404,4.571777,159.537394,427.40368
801,630154.4602,4833435.219,4.571777,154.460235,435.2186
801,630150.213,4833433.311,4.571777,150.213003,433.31117
801,630160.6838,4833427.882,4.571777,160.683803,427.88204
801,630165.4663,4833424.323,4.571777,165.466274,424.32311
801,630164.6561,4833427.335,4.571777,164.656062,427.33537
801,630163.6053,4833431.558,4.571777,163.605299,431.55801
801,630165.7221,4833435.698,4.571777,165.722064,435.69756
801,630170.2804,4833425.703,4.571777,170.280426,425.70298
801,630164.2078,4833426.79,4.571777,164.207778,426.78977
801,630164.7768,4833435.103,4.571777,164.776839,435.1033
801,630171.4596,4833435.541,4.571777,171.459586,435.54069
801,630170.3564,4833424.788,4.571777,170.356421,424.78837
801,630160.3793,4833429.33,4.571777,160.379288,429.33022
801,630158.9387,4833435.318,4.571777,158.938726,435.31812
801,630170.101,4833440.276,4.571777,170.101034,440.27557
801,630173.1986,4833440.769,4.571777,173.198582,440.76871
801,630170.8959,4833437.004,4.571777,170.89594,437.00418
801,630171.9144,4833437.958,4.571777,171.91442,437.95816
801,630169.597,4833436.145,4.571777,169.597007,436.14477
801,630169.3078,4833437.852,4.571777,169.307799,437.85209
801,630166.283,4833435.508,4.571777,166.28297,435.50841
801,630167.6606,4833434.179,4.571777,167.660638,434.17886
801,630174.0667,4833437.857,4.571777,174.066743,437.85703
801,630167.2752,4833428.975,4.571777,167.275249,428.97491
801,630180.7605,4833433.197,4.571777,180.760451,433.19708
801,630180.5959,4833433.493,4.571777,180.595895,433.49284
801,630173.6485,4833435.619,4.571777,173.648536,435.61943
801,630172.366,4833427.114,4.571777,172.366045,427.114
801,630172.2982,4833436.531,4.571777,172.298205,436.5313
801,630156.2365,4833430.511,4.571777,156.236458,430.51105
801,630151.811,4833435.271,4.571777,151.81097,435.27107
801,630181.0239,4833438.538,4.571777,181.023927,438.53825
801,630172.9253,4833432.62,4.571777,172.92528,432.61973
801,630163.6737,4833424.351,4.571777,163.673674,424.35098
801,630161.0501,4833429.681,4.571777,161.050076,429.68066
801,630171.2284,4833425.023,4.571777,171.228392,425.0229
801,630170.3685,4833424.112,4.571777,170.368452,424.11157
801,630167.841,4833436.353,4.571777,167.841035,436.35251
801,630162.0412,4833431.052,4.571777,162.041219,431.05231
801,630170.481,4833435.703,4.571777,170.481009,435.70251
801,630178.1057,4833435.798,4.571777,178.105706,435.79822
801,630164.6309,4833436.594,4.571777,164.630865,436.59413
801,630163.8961,4833436.482,4.571777,163.896113,436.48151
801,630165.8117,4833440.737,4.571777,165.811695,440.73696
801,630163.9021,4833436.143,4.571777,163.902128,436.1431
801,630165.0294,4833433.216,4.571777,165.02942,433.21613
801,630164.2269,4833430.195,4.571777,164.226894,430.19511
801,630165.4006,4833430.256,4.571777,165.400639,430.2558
801,630170.5308,4833427.3,4.571777,170.530802,427.30041
801,630175.035,4833432.677,4.571777,175.03496,432.67714
801,630174.1061,4833436.763,4.571777,174.10611,436.76256
801,630171.2988,4833438.983,4.571777,171.298841,438.98266
801,630173.4331,4833439.897,4.571777,173.433117,439.89673
801,630169.1192,4833427.176,4.571777,169.119247,427.17576
801,630170.1345,4833427.194,4.571777,170.134452,427.19381
801,630172.0703,4833426.949,4.571777,172.070286,426.94945
801,630172.4546,4833427.733,4.571777,172.454605,427.73286
801,630176.2399,4833435.466,4.571777,176.239852,435.46637
801,630172.1981,4833438.8,4.571777,172.198148,438.79952
801,630166.1004,4833436.819,4.571777,166.100369,436.81937
801,630166.751,4833429.344,4.571777,166.75097,429.34392
801,630169.2718,4833427.557,4.571777,169.271772,427.55681
801,630166.6339,4833437.048,4.571777,166.633938,437.04789
801,630164.4166,4833432.966,4.571777,164.416581,432.96629
801,630166.6132,4833427.012,4.571777,166.613217,427.01174
801,630170.5795,4833426.803,4.571777,170.57946,426.80347
801,630171.8466,4833435.05,4.571777,171.846646,435.04976
801,630167.7585,4833435.395,4.571777,167.75849,435.39525
801,630167.1987,4833427.679,4.571777,167.198719,427.67925
801,630174.6506,4833431.894,4.571777,174.65064,431.89373
801,630165.206,4833432.244,4.571777,165.206007,432.24356
801,630171.8325,4833426.885,4.571777,171.832475,426.88548
801,630168.8535,4833437.645,4.571777,168.853499,437.64489
801,630175.1672,4833437.558,4.571777,175.167233,437.558
801,630170.5586,4833441.419,4.571777,170.558608,441.41871
801,630171.7947,4833434.611,4.571777,171.794713,434.61077
801,630170.978,4833435.751,4.571777,170.97795,435.75116
801,630174.661,4833436.912,4.571777,174.661001,436.91181
801,630177.6164,4833442.042,4.571777,177.616384,442.04197
801,630176.0053,4833436.338,4.571777,176.005317,436.33834
801,630178.022,4833442.746,4.571777,178.022025,442.74611
801,630170.6346,4833440.504,4.571777,170.634603,440.50409
801,630173.6687,4833443.445,4.571777,173.668722,443.44531
801,630159.6177,4833431.846,4.571777,159.617734,431.84554
801,630173.0696,4833436.824,4.571777,173.069584,436.82378
801,630171.8745,4833436.842,4.571777,171.874518,436.84236
801,630164.122,4833424.897,4.571777,164.121958,424.89658
801,630161.9505,4833433.918,4.571777,161.950453,433.91806
801,630161.3988,4833434.705,4.571777,161.398838,434.70475
801,630175.9692,4833438.369,4.571777,175.969224,438.36875
801,630168.5759,4833424.139,4.571777,168.575852,424.13944
801,630161.629,4833428.476,4.571777,161.629028,428.4763
801,630157.5758,4833434.697,4.571777,157.575829,434.69653
801,630160.5487,4833436.601,4.571777,160.548724,436.60121
801,630170.158,4833423.63,4.571777,170.157979,423.62993
801,630161.1715,4833427.333,4.571777,161.171454,427.33317
801,630156.3185,4833429.258,4.571777,156.318469,429.25804
801,630174.6096,4833438.683,4.571777,174.609602,438.68309
801,630166.4137,4833421.433,4.571777,166.413704,421.43276
801,630164.2991,4833426.134,4.571777,164.299079,426.13429
801,630156.8154,4833429.307,4.571777,156.81541,429.3067
801,630167.7191,4833436.49,4.571777,167.719122,436.48973
801,630154.5275,4833435.917,3.047851,154.527474,435.91672
801,630152.2243,4833429.942,3.047851,152.224297,429.94193
801,630154.6401,4833435.182,3.047851,154.640096,435.18197
801,630154.177,4833436.588,3.047851,154.177041,436.58751
801,630158.0263,4833431.758,3.047851,158.026318,431.75752
801,630153.9666,4833436.106,3.047851,153.966568,436.10588
801,630153.4992,4833432.155,3.047851,153.499168,432.15494
801,630168.128,4833438.13,4.571777,168.128038,438.1298
801,630177.898,4833434.042,4.571777,177.897973,434.04225
801,630171.0698,4833437.306,4.571777,171.069786,437.30595
801,630171.1255,4833440.891,4.571777,171.12553,440.89115
801,630168.2002,4833434.069,4.571777,168.200223,434.06898
801,630176.8128,4833434.6,4.571777,176.812788,434.60041
801,630174.567,4833438.842,4.571777,174.56696,438.84163
801,630174.4724,4833438.561,4.571777,174.472384,438.56117
801,630170.7035,4833435.507,4.571777,170.703513,435.50734
801,630168.9027,4833439.358,4.571777,168.902693,439.35822
801,630152.719,4833433.475,3.047851,152.719033,433.47519
801,630155.5881,4833434.502,3.047851,155.588062,434.50189
801,630152.2675,4833431.994,3.047851,152.267475,431.99366
801,630157.3342,4833431.486,3.047851,157.334208,431.48636
801,630166.5295,4833433.96,3.047851,166.529536,433.95963
801,630162.3441,4833435.299,3.047851,162.344063,435.29901
801,630173.2095,4833435.671,3.047851,173.209543,435.67136
801,630169.6949,4833437.361,3.047851,169.694858,437.36116
801,630172.4901,4833435.818,3.047851,172.490097,435.81787
801,630173.3069,4833434.677,4.571777,173.306859,434.67748
801,630169.0689,4833433.368,4.571777,169.068918,433.36758
801,630178.1183,4833437.332,4.571777,178.118272,437.33169
801,630175.6489,4833437.348,4.571777,175.648869,437.34753
801,630170.6849,4833434.312,4.571777,170.684932,434.31227
801,630168.2762,4833433.154,4.571777,168.276218,433.15437
801,630168.5605,4833436.206,4.571777,168.560481,436.206
801,630170.1607,4833434.681,4.571777,170.160653,434.68129
801,630176.3989,4833437.719,4.571777,176.398927,437.71928
801,630169.5052,4833434.59,4.571777,169.505171,434.58999
801,630170.4165,4833433.73,4.571777,170.41651,433.73005
801,630162.9645,4833441.841,4.571777,162.964523,441.84126
801,630156.9023,4833435.62,4.571777,156.902301,435.62043
801,630163.4188,4833442.048,4.571777,163.418822,442.04846
801,630164.6779,4833429.466,4.571777,164.677918,429.46637
801,630156.6574,4833431.474,4.571777,156.657405,431.47433
801,630156.0238,4833433.514,4.571777,156.02378,433.51403
801,630155.1119,4833432.164,3.047851,155.111906,432.16369
801,630161.9341,4833429.238,3.047851,161.934078,429.23839
801,630153.9628,4833432.96,3.047851,153.962758,432.95967
801,630161.0807,4833430.199,3.047851,161.080688,430.19892
801,630173.1587,4833427.327,4.571777,173.158745,427.32722
801,630164.2766,4833434.119,4.571777,164.276622,434.11871
801,630166.0823,4833437.835,4.571777,166.082322,437.83458
801,630175.2339,4833436.046,4.571777,175.233937,436.04585
801,630166.9762,4833427.874,4.571777,166.976215,427.87442
801,630168.2833,4833437.237,4.571777,168.283303,437.23651
801,630172.0178,4833436.626,4.571777,172.017752,436.62588
801,630163.678,4833429.707,4.571777,163.678019,429.70746
801,630164.217,4833439.713,4.571777,164.217003,439.713
801,630172.1659,4833431.65,4.571777,172.165931,431.65044
801,630159.8216,4833442.781,4.571777,159.821592,442.781
801,630173.6556,4833439.702,4.571777,173.655621,439.70157
801,630177.2709,4833437.954,4.571777,177.270898,437.95382
801,630156.7006,4833433.526,4.571777,156.700583,433.52606
801,630160.8674,4833443.317,4.571777,160.867409,443.31731
801,630168.5315,4833429.993,4.571777,168.531539,429.99286
801,630162.6278,4833436.14,4.571777,162.627792,436.14036
801,630163.468,4833443.762,4.571777,163.468015,443.76179
801,630169.1569,4833444.102,4.571777,169.156879,444.10186
801,630177.3135,4833437.795,4.571777,177.31354,437.79528
801,630169.526,4833432.3,4.571777,169.525958,432.30044
801,630167.7415,4833440.831,4.571777,167.741513,440.831
801,630171.371,4833434.922,4.571777,171.371026,434.92184
801,630170.048,4833435.416,4.571777,170.048031,435.41604
801,630167.4802,4833432.005,4.571777,167.480242,432.00522
801,630163.9891,4833430.131,4.571777,163.989084,430.13114
801,630168.2123,4833433.392,4.571777,168.212254,433.39218
801,630167.9045,4833433.904,4.571777,167.904464,433.90443
801,630169.4046,4833434.648,4.571777,169.40458,434.64793
801,630168.3686,4833436.919,4.571777,168.368589,436.91943
801,630172.6722,4833432.297,4.571777,172.672164,432.29663
801,630166.0031,4833437.813,4.571777,166.003052,437.81326
801,630153.9906,4833434.752,4.571777,153.99063,434.75227
801,630169.8293,4833438.757,4.571777,169.829337,438.75741
801,630158.9518,4833439.062,4.571777,158.951826,439.06186
801,630160.3098,4833432.117,4.571777,160.309844,432.11671
801,630170.3291,4833425.206,4.571777,170.329084,425.20604
801,630173.35,4833436.729,4.571777,173.350037,436.72921
801,630162.9433,4833429.595,4.571777,162.943267,429.59484
801,630174.544,4833432.29,4.571777,174.544033,432.29008
801,630176.7871,4833441.649,4.571777,176.787056,441.6489
801,630161.1332,4833432.848,4.571777,161.133156,432.84818
801,630167.3129,4833433.575,4.571777,167.312946,433.57532
801,630171.6493,4833438.312,4.571777,171.649273,438.31187
801,630172.9406,4833432.879,4.571777,172.940586,432.87886
801,630172.5661,4833434.903,4.571777,172.566092,434.90326
801,630178.2189,4833437.274,4.571777,178.218863,437.27374
801,630169.3931,4833437.535,4.571777,169.393084,437.53501
801,630179.1674,4833438.804,4.571777,179.167364,438.80393
801,630160.3733,4833429.669,4.571777,160.373273,429.66863
801,630159.1591,4833426.282,4.571777,159.15909,426.28187
801,630169.204,4833424.648,4.571777,169.203997,424.64841
801,630163.5632,4833433.927,4.571777,163.563191,433.92682
801,630171.698,4833425.489,4.571777,171.697997,425.48923
801,630159.9523,4833428.705,4.571777,159.952326,428.70535
801,630170.2148,4833431.636,4.571777,170.214792,431.63567
801,630163.3069,4833420.342,4.571777,163.306866,420.34209
801,630170.674,4833439.41,4.571777,170.673971,439.40962
801,630161.5317,4833429.47,4.571777,161.531712,429.47018
801,630162.6207,4833432.058,4.571777,162.620706,432.05822
801,630170.662,4833427.761,4.571777,170.662006,427.76073
801,630161.4218,4833428.931,4.571777,161.42183,428.9306
801,630157.7743,4833435.855,4.571777,157.774271,435.85497
801,630170.9501,4833433.959,4.571777,170.950079,433.95856
801,630166.4213,4833427.725,4.571777,166.421324,427.72517
801,630170.024,4833436.77,4.571777,170.023969,436.76964
801,630172.1873,4833431.571,4.571777,172.187253,431.57117
801,630160.5755,4833433.973,3.047851,160.575525,433.97327
801,630156.9663,4833435.383,3.047851,156.966265,435.38262
801,630160.0349,4833429.663,3.047851,160.034871,429.66261
801,630154.9419,4833435.008,3.047851,154.94187,435.00813
801,630157.279,4833430.111,3.047851,157.279,430.11143
801,630154.6674,4833434.764,3.047851,154.667433,434.7643
801,630153.0328,4833432.625,3.047851,153.032838,432.62454
801,630156.6601,4833430.2,3.047851,156.660145,430.19999
801,630155.8614,4833430.325,3.047851,155.861429,430.32518
801,630163.3178,4833427.57,3.047851,163.317761,427.57044
801,630175.3564,4833438.119,3.047851,175.356385,438.11891
801,630168.9661,4833436.91,3.047851,168.966122,436.91014
801,630173.5337,4833439.839,3.047851,173.533709,439.83879
801,630166.9718,4833434.844,3.047851,166.971804,434.84364
801,630170.1316,4833440.794,3.047851,170.131646,440.79384
801,630176.3317,4833437.021,3.047851,176.331688,437.02116
801,630168.4473,4833434.73,4.571777,168.447324,434.73048
801,630170.199,4833429.166,4.571777,170.198951,429.16627
801,630170.7959,4833439.272,3.047851,170.795884,439.2724
801,630171.2841,4833440.934,3.047851,171.28407,440.9338
801,630159.3581,4833429.651,3.047851,159.358068,429.65058
801,630157.8016,4833435.437,3.047851,157.801608,435.43729
801,630167.9629,4833436.215,4.571777,167.962948,436.21529
801,630158.5025,4833434.096,3.047851,158.502473,434.09572
801,630155.675,4833428.49,3.047851,155.675017,428.48993
801,630163.8223,4833433.912,3.047851,163.822323,433.91151
801,630153.0153,4833435.85,3.047851,153.015327,435.85002
801,630159.8282,4833432.327,4.571777,159.828208,432.32718
801,630154.645,4833430.423,4.571777,154.645042,430.42303
801,630167.3774,4833435.548,4.571777,167.377445,435.54778
801,630163.2986,4833436.491,4.571777,163.298579,436.4908
801,630165.5915,4833425.122,4.571777,165.591462,425.12182
801,630170.961,4833441.187,4.571777,170.960974,441.18691
801,630161.986,4833429.677,4.571777,161.986011,429.67738
801,630162.3299,4833427.135,4.571777,162.329893,427.13472
801,630170.9955,4833432.526,4.571777,170.995462,432.52569
801,630172.6131,4833427.776,4.571777,172.613145,427.7755
801,630164.3772,4833434.061,4.571777,164.377214,434.06076
801,630169.7834,4833437.98,4.571777,169.783419,437.98002
801,630165.5203,4833433.603,4.571777,165.520347,433.60319
801,630169.2537,4833428.572,4.571777,169.253725,428.57201
801,630171.8718,4833438.117,4.571777,171.871777,438.1167
801,630169.6429,4833436.922,4.571777,169.642925,436.92217
801,630168.994,4833438.703,4.571777,168.993993,438.70274
801,630166.9937,4833436.975,4.571777,166.993661,436.97464
801,630172.5317,4833431.239,4.571777,172.53167,431.23879
801,630165.2218,4833434.713,4.571777,165.221847,434.71297
801,630172.4458,4833429.346,4.571777,172.445849,429.34559
801,630165.0338,4833426.247,4.571777,165.033831,426.24691
801,630166.3289,4833436.286,4.571777,166.328888,436.2858
801,630167.1495,4833425.966,4.571777,167.149526,425.96592
801,630163.4413,4833434.064,4.571777,163.441279,434.06404
801,630163.0384,4833432.086,4.571777,163.038378,432.08556
801,630167.4141,4833435.728,4.571777,167.414073,435.72764
801,630169.2696,4833431.041,4.571777,169.269566,431.04141
801,630165.9265,4833436.518,4.571777,165.926522,436.5176
801,630172.8673,4833432.519,4.571777,172.867331,432.51914
801,630167.53,4833435.929,4.571777,167.52997,435.92882
801,630168.0335,4833437.849,4.571777,168.033462,437.84935
801,630174.0236,4833435.805,4.571777,174.023565,435.8053
801,630163.3101,4833433.604,4.571777,163.310075,433.60372
801,630167.9662,4833437.151,4.571777,167.966223,437.15122
801,630169.8644,4833432.306,4.571777,169.864359,432.30646
801,630172.6672,4833437.056,4.571777,172.667218,437.05558
801,630172.1796,4833437.604,4.571777,172.179567,437.60445
801,630172.2168,4833427.669,4.571777,172.216795,427.66889
801,630162.7465,4833422.742,4.571777,162.746495,422.74152
801,630163.057,4833433.281,4.571777,163.056959,433.28063
801,630172.1173,4833432.147,4.571777,172.117273,432.14738
801,630165.557,4833433.783,4.571777,165.556974,433.78305
801,630174.0389,4833436.064,4.571777,174.038871,436.06443
801,630173.1385,4833431.827,4.571777,173.138494,431.82703
801,630173.8322,4833438.729,4.571777,173.832208,438.729
801,630172.7241,4833432.736,4.571777,172.724097,432.73563
801,630167.9509,4833436.892,4.571777,167.950917,436.89209
801,630163.5178,4833435.36,4.571777,163.517809,435.35969
801,630168.2953,4833436.56,4.571777,168.295334,436.55971
801,630169.6714,4833428.599,4.571777,169.671397,428.59935
801,630163.3603,4833439.738,4.571777,163.360338,439.73759
801,630153.2154,4833431.314,4.571777,153.21544,431.31358
801,630167.032,4833431.46,4.571777,167.031958,431.45962
801,630179.0356,4833436.133,4.571777,179.035625,436.13334
801,630160.5209,4833422.483,4.571777,160.520918,422.48292
801,630154.1869,4833439.395,4.571777,154.186867,439.39532
801,630168.9524,4833443.282,4.571777,168.952421,443.28182
801,630169.0575,4833423.929,4.571777,169.057488,423.92896
